name,subs_million,categories,ha-link
MrBeast,148.1,Video games,https://www.youtube.com/channel/UCX6OQ3DkcsbYNE6H8uQQuVA
PewDiePie,111.6,Animation,https://www.youtube.com/channel/UC-lHJZR3Gqxm24_Vd_AJ5Yw
WWE,94.5,Video games,https://www.youtube.com/channel/UCJ5v_MCY6GNUBTO8-D3XoAg
Dude Perfect,59.3,Video games,https://www.youtube.com/channel/UCRijo3ddMTht_IHyNSNXpNQ
Movieclips,59.1,Movies,https://www.youtube.com/channel/UC3gNmTGu-TTbFPpfSs5kNkg
Marshmello,56.3,Music & Dance,https://www.youtube.com/channel/UCEdvpU2pFRCVqU6yIPyTpMQ
LooLoo Kids - Nursery Rhymes and Children's Songs,53.4,Music & Dance,https://www.youtube.com/channel/UC4NALVCmcmL5ntpV0thoH6w
Ed Sheeran,53.2,Music & Dance,https://www.youtube.com/channel/UC0C-w0YjGpqDXGB8IHb662A
Taylor Swift,51.5,Music & Dance,https://www.youtube.com/channel/UCqECaJ8Gagnn7YCbPEzWH6g
BRIGHT SIDE,44.6,Animation,https://www.youtube.com/channel/UC4rlAVgAK0SGk-yTfe48Qpw
Alan Walker,43.1,Music & Dance,https://www.youtube.com/channel/UCJrOtniJ0-NWz37R30urifQ
TheEllenShow,38.3,null,https://www.youtube.com/channel/UCp0hYYBW6IMayGgR-WeoCvQ
Ozuna,36.1,Music & Dance,https://www.youtube.com/channel/UCjIA3wwhi0QjSOXAZwOXbPA
YouTube,35.7,null,https://www.youtube.com/channel/UCBR8-60-B28hp2BmDPdntcQ
Markiplier,34.8,Animation,https://www.youtube.com/channel/UC7_YxT-KID8kRbqZo7MyscQ
SSSniperWolf,33.5,Humor,https://www.youtube.com/channel/UCpB959t8iPrxQWj7G6n0ctQ
MrBeast Gaming,32.1,Animation,https://www.youtube.com/channel/UCIPPMRA040LQr5QPyJEbmXA
DisneyMusicVEVO,32.1,Music & Dance,https://www.youtube.com/channel/UCgwv23FVv3lqh567yagXfNg
The Weeknd,32,Music & Dance,https://www.youtube.com/channel/UC0WP5P-ufpRfjbNrmOWwLBQ
Dream,31.6,Video games,https://www.youtube.com/channel/UCTkXRDQl0luXxVQrRQvWS6w
The Tonight Show Starring Jimmy Fallon,31.1,Movies,https://www.youtube.com/channel/UC8-Th83bH_thdKZDJCrn88g
Lucas and Marcus,30.3,Animation,https://www.youtube.com/channel/UCwD4x63A9KC7Si2RuSfg-SA
Ultra Records,29.5,Music & Dance,https://www.youtube.com/channel/UC4rasfm9J-X4jNl9SvXp8xA
jacksepticeye,29.4,Video games,https://www.youtube.com/channel/UCYzPXprvl5Y-Sf0g4vX-m6g
The Late Late Show with James Corden,28.2,Animation,https://www.youtube.com/channel/UCJ0uqCI0Vqr2Rrt1HseGirg
Drake,27.9,Music & Dance,https://www.youtube.com/channel/UCByOQJjav0CUDwxCk-jVNRQ
Wiz Khalifa,27.3,Music & Dance,https://www.youtube.com/channel/UCVp3nfGRxmMadNDuVbJSk8A
ToyPuddingTV,27.2,null,https://www.youtube.com/channel/UCKqx9r4mrFglauNBJc1L_eg
DanTDM,26.8,Video games,https://www.youtube.com/channel/UCS5Oz6CHmeoF7vSad0qqXfw
JYP Entertainment,26.8,Music & Dance,https://www.youtube.com/channel/UCaO6TYtlC8U5ttz62hTrZgg
WORLDSTARHIPHOP,26.5,Music & Dance,https://www.youtube.com/channel/UC-yXuc1__OzjwpsJPlxYUCQ
Netflix,26.3,Movies,https://www.youtube.com/channel/UCWOA1ZGywLbqmigxE4Qlvuw
Brent Rivera,26.1,Video games,https://www.youtube.com/channel/UC56D-IHcUvLVFTX_8NpQMXg
VanossGaming,25.9,Animation,https://www.youtube.com/channel/UCKqH_9mk1waLgBiL2vT5b9g
Post Malone,25.2,Music & Dance,https://www.youtube.com/channel/UCeLHszkByNZtPKcaVXOCOQQ
WatchMojo.com,25.1,Movies,https://www.youtube.com/channel/UCaWd5_7JhbQBe4dknZhsHJg
Smosh,25.1,Movies,https://www.youtube.com/channel/UCY30JRSgfhYXA6i6xX1erWg
Coldplay,24.8,Music & Dance,https://www.youtube.com/channel/UCDPM_n1atn2ijUwHd0NNRQw
Chloe Ting,24.5,Fitness,https://www.youtube.com/channel/UCCgLoMYIyP0U56dEhEL1wXQ
Collins Key,24,DIY & Life Hacks,https://www.youtube.com/channel/UC7TTtOQKMXTWWMtWQMIgVSA
James Charles,23.9,Beauty,https://www.youtube.com/channel/UCucot-Zp428OwkyRm2I7v2Q
Mark Rober,23.8,Science & Technology,https://www.youtube.com/channel/UCY1kMZp36IQSyNx_9h4mpCg
Ninja,23.7,Animation,https://www.youtube.com/channel/UCAW-NpUFkMyCNrvRSSGIvDQ
Beast Reacts,23.7,null,https://www.youtube.com/channel/UCUaT_39o1x6qWjz7K2pWcgw
NichLmao,23.7,Daily vlogs,https://www.youtube.com/channel/UC6VAIqNQBc7ggiqvsOHOBqw
America's Got Talent,23.6,Music & Dance,https://www.youtube.com/channel/UCT2X19JJaJGUN7mrYuImANQ
Preston,23.5,Animation,https://www.youtube.com/channel/UC70Dib4MvFfT1tU6MqeyHpQ
FaZe Rug,23.3,Video games,https://www.youtube.com/channel/UCilwZiBBfI9X6yiZRzWty8Q
MrBeast 2,22.8,Daily vlogs,https://www.youtube.com/channel/UC4-79UOlP48-QNGgCko5p2g
TED,22.8,null,https://www.youtube.com/channel/UCAuUUnT6oDeKwE6v1NGQxug
National Geographic,21.5,null,https://www.youtube.com/channel/UCpVm7bg6pXKo1Pr6k5kxG9A
Tasty,21.1,Food & Drinks,https://www.youtube.com/channel/UCJFp8uSYCjXOMnkUyb3CQ3Q
Becky G,21.1,Music & Dance,https://www.youtube.com/channel/UCgtNC51EUSgcZ6kKyVoPxKA
Tekashi 6ix9ine,21,Music & Dance,https://www.youtube.com/channel/UCF6jRAgCbSanHolKt0Vt6Qw
Infinite,20.8,Video games,https://www.youtube.com/channel/UC_hSjGOO67A6gIDUcyuv_8A
Brave Wilderness,20.7,null,https://www.youtube.com/channel/UC6E2mP01ZLH_kbAyeazCNdg
The Royalty Family,20.7,Humor,https://www.youtube.com/channel/UCja7QUMRG9AD8X2F_vXFb9A
Zach Choi ASMR,20.6,Daily vlogs,https://www.youtube.com/channel/UCI78AdiI6f7VKhqW1i4B3Rw
Ben Azelart,20.4,Video games,https://www.youtube.com/channel/UCwVg9btOceLQuNCdoQk9CXg
Kurzgesagt – In a Nutshell,20.4,Education,https://www.youtube.com/channel/UCsXVk37bltHxD1rDPwtNM8Q
Jake Paul,20.3,Fitness,https://www.youtube.com/channel/UCcgVECVN4OKV6DH1jLkqmcA
NBA,20.3,Sports,https://www.youtube.com/channel/UCWJ2lWNubArHWmf3FIHbfcQ
BuzzFeedVideo,20.3,Food & Drinks,https://www.youtube.com/channel/UCpko_-a4wgz2u_DgDgd9fqA
Ninja Kidz TV,20.3,Video games,https://www.youtube.com/channel/UCpZ88DWlKW0H_AYDaUZptcw
Linkin Park,20.2,Music & Dance,https://www.youtube.com/channel/UCZU9T1ceaOgwfLRq7OKFU4Q
Skrillex,20.1,Music & Dance,https://www.youtube.com/channel/UC_TVqp_SyG6j5hG-xVRy95A
Marvel Entertainment,20.1,Movies,https://www.youtube.com/channel/UCvC4D8onUfXzvjTOM-dBfEA
REACT,20.1,Humor,https://www.youtube.com/channel/UC0v-tlzsn0QZwJnkiaUSJVQ
Pentatonix,20.1,Music & Dance,https://www.youtube.com/channel/UCmv1CLT6ZcFdTJMHxaR9XeA
Vevo,20.1,Music & Dance,https://www.youtube.com/channel/UC2pmfLm7iq6Ov1UwYrWYkZA
Stokes Twins,20,Video games,https://www.youtube.com/channel/UCbp9MyKCTEww4CxEzc_Tp0Q
Gordon Ramsay,19.9,Food & Drinks,https://www.youtube.com/channel/UCIEv3lZ_tNXHzL3ox-_uUGQ
CookieSwirlC,19.6,Video games,https://www.youtube.com/channel/UCelMeixAOTs2OQAAi9wU8-g
shane,19.3,Humor,https://www.youtube.com/channel/UCV9_KinVpV-snHe3C3n1hvA
Jimmy Kimmel Live,19.1,Movies,https://www.youtube.com/channel/UCa6vGFO9ty8v5KZJXQxdhaw
TheOdd1sOut,19,Movies,https://www.youtube.com/channel/UCo8bcnLyZH8tBIH9V1mLgqQ
Мирошка ТВ,18.9,null,https://www.youtube.com/channel/UCUYA9nNP2Pgz5RF_oMvnqdQ
Vsauce,18.7,Science & Technology,https://www.youtube.com/channel/UC6nSFpj9HTCZ5t-N3Rm3-HA
Ali-A,18.6,Video games,https://www.youtube.com/channel/UCYVinkwSX7szARULgYpvhLw
TED-Ed,18.5,Science & Technology,https://www.youtube.com/channel/UCsooa4yRKGN_zEE8iknghZA
Unbox Therapy,18.3,Science & Technology,https://www.youtube.com/channel/UCsTcErHg8oDvUnTzoqsYeNw
Good Mythical Morning,18.3,Food & Drinks,https://www.youtube.com/channel/UC4PooiX37Pld1T8J5SYT-SQ
Dhar Mann,18,Health & Self Help,https://www.youtube.com/channel/UC_hK9fOxyy_TM8FJGXIyG8Q
Lele Pons,17.9,Movies,https://www.youtube.com/channel/UCi9cDo6239RAzPpBZO9y5SA
Lil Pump,17.9,Music & Dance,https://www.youtube.com/channel/UC6pjHMC4QXMi4llCCjtDXWg
Jason Derulo,17.5,Music & Dance,https://www.youtube.com/channel/UCe3yZzUwpmy2eKKmF9svX0Q
Topper Guild,17.4,Animation,https://www.youtube.com/channel/UCPuEAY09CtdTzFNWuqVZgDw
IGN,17.4,null,https://www.youtube.com/channel/UCKy1dAqELo0zrOtPkf0eTMw
The Game Theorists,17.4,Science & Technology,https://www.youtube.com/channel/UCo_IB5145EVNcf8hw1Kku7w
HowToBasic,17.2,Food & Drinks,https://www.youtube.com/channel/UCR4s1DE9J4DHzZYXMltSMAg
Zach King,17,Movies,https://www.youtube.com/channel/UCq8DICunczvLuJJq414110A
Guava Juice,17,null,https://www.youtube.com/channel/UCMNmwqCtCSpftrbvR3KkHDA
MSA previously My Story Animated,16.9,Animation,https://www.youtube.com/channel/UCYzEMRKqrh01-tauv7MYyVQ
Marques Brownlee,16.8,Science & Technology,https://www.youtube.com/channel/UCBJycsmduvYEL83R_U4JriQ
VICE,16.8,News & Politics,https://www.youtube.com/channel/UCn8zNIfYAQNdrFRrr8oibKw
Aphmau,16.6,Animation,https://www.youtube.com/channel/UCzYfz8uibvnB7Yc1LjePi4g
How Ridiculous,16.6,Video games,https://www.youtube.com/channel/UC5f5IV0Bf79YLp_p9nfInRA
With Kids[위드키즈],16.6,null,https://www.youtube.com/channel/UC6ye474SJCiPsEPueO_b3Gw
IShowSpeed,16.5,Video games,https://www.youtube.com/channel/UCWsDFcIhY2DBi3GB5uykGXA
FailArmy,16.5,Animation,https://www.youtube.com/channel/UCPDis9pjXuqyI7RYLJ-TTSA
FunFun Toy Doll TV,16.4,null,https://www.youtube.com/channel/UCqvS0UZpSh8ydVQ7TxGNOJw
Jake Fellman,16.3,null,https://www.youtube.com/channel/UCEnqwW6f7bYidXHAI13hhMA
JJ Olatunji,16.2,null,https://www.youtube.com/channel/UCGmnsW623G1r-Chmo5RB4Yw
SAM SMITH,16.2,null,https://www.youtube.com/channel/UCvpDeGlR5wLP9Z3Tb6K0Xfg
LEGO,16,Animation,https://www.youtube.com/channel/UCP-Ng5SXUEt0VE-TXqRdL6g
CoryxKenshin,16,Video games,https://www.youtube.com/channel/UCiYcA0gJzg855iSKMrX3oHg
DopeLyrics,15.9,Music & Dance,https://www.youtube.com/channel/UCvR2R7j218tzejtTsb_X6Rw
UFC - Ultimate Fighting Championship,15.8,Sports,https://www.youtube.com/channel/UCvgfXK4nTYKudb0rFR6noLA
Rotten Tomatoes Trailers,15.8,Movies,https://www.youtube.com/channel/UCi8e0iOVk1fEOogdfu4YgfA
Unspeakable,15.5,Video games,https://www.youtube.com/channel/UCwIWAbIeu0xI0ReKWOcw3eg
Roman Atwood Vlogs,15.5,Movies,https://www.youtube.com/channel/UC-SV8-bUJfXjrRMnp7F8Wzw
Jordan Matter,15.4,Music & Dance,https://www.youtube.com/channel/UCKaCalz5N5ienIbfPzEbYuA
Talking Tom & Friends,15.4,Animation,https://www.youtube.com/channel/UCDCNmuaOXOo25Yn4mbMHhhQ
Daily Dose Of Internet,15.4,Animals & Pets,https://www.youtube.com/channel/UCdC0An4ZPNr_YiFiYoVbwaw
TheRichest,15.1,News & Politics,https://www.youtube.com/channel/UCdxi8d8qRsRyUi2ERYjYb-w
CNN,15,Music & Dance,https://www.youtube.com/channel/UCupvZG-5ko_eiXAupbDfxWw
Kwebbelkop,15,Animation,https://www.youtube.com/channel/UCfLuMSIDmeWRYpuCQL0OJ6A
MattyBRaps,14.8,Music & Dance,https://www.youtube.com/channel/UCmdY1pHB-KbFYxOyhwjVeQw
Lachlan,14.8,Video games,https://www.youtube.com/channel/UCh7EqOZt7EvO2osuKbIlpGg
PlayStation,14.8,null,https://www.youtube.com/channel/UC-2Y8dQb0S6DtpxNgAKoJKA
Fueled By Ramen,14.8,Music & Dance,https://www.youtube.com/channel/UClVrJwcIy7saPcGc1nct80A
The Slow Mo Guys,14.8,null,https://www.youtube.com/channel/UCUK0HBIBWgM2c4vsPhkYY4w
PowerfulJRE,14.7,Daily vlogs,https://www.youtube.com/channel/UCzQUP1qoWDoEbmsQxvdjxgQ
Meghan Trainor,14.7,Music & Dance,https://www.youtube.com/channel/UCkXgEcpoTE4tHsebYBouWpA
CrashCourse,14.6,Science & Technology,https://www.youtube.com/channel/UCX6b17PVsYBQ0ip5gyeme-Q
Chad Wild Clay,14.6,Movies,https://www.youtube.com/channel/UCwaNuezahYT3BOjfXsne2mg
Reaction Time,14.6,Animation,https://www.youtube.com/channel/UChM5Ff2yVeIZ16EWiB081cg
melanie martinez,14.6,Music & Dance,https://www.youtube.com/channel/UC2YnEq5Fc5_zEO6bo0oNzCQ
CollegeHumor,14.6,Movies,https://www.youtube.com/channel/UCPDXXXJj9nax0fr0Wfc048g
Lilly Singh,14.6,Animation,https://www.youtube.com/channel/UCfm4y4rHF5HGrSr-qbvOwOg
Rosanna Pansino,14.4,DIY & Life Hacks,https://www.youtube.com/channel/UCjwmbv6NE4mOh8Z8VhPUx1Q
ABC News,14.4,News & Politics,https://www.youtube.com/channel/UCBi2mrWuNuyYy4gbM6fU18Q
PrestonPlayz,14.4,Animation,https://www.youtube.com/channel/UCJZam2u1G0syq3kyqrCXrNw
Ray William Johnson,14.3,Animation,https://www.youtube.com/channel/UCGt7X90Au6BV8rf49BiM6Dg
NikkieTutorials,14.2,Design/art,https://www.youtube.com/channel/UCzTKskwIc_-a0cGvCXA848Q
Rebecca Zamolo,14,Video games,https://www.youtube.com/channel/UCfw8x3VR-ElcaWW2Tg_jgSA
Atlantic Records,13.8,Music & Dance,https://www.youtube.com/channel/UCe4LM_eKc9ywRmVuBm5pjQg
Wengie,13.6,DIY & Life Hacks,https://www.youtube.com/channel/UCD9PZYV5heAevh9vrsYmt1g
FAPTV,13.6,Animation,https://www.youtube.com/channel/UC0jDoh3tVXCaqJ6oTve8ebA
Veritasium,13.6,Science & Technology,https://www.youtube.com/channel/UCHnyfMqiRRG1u-2MsSQLbXA
Saturday Night Live,13.6,Movies,https://www.youtube.com/channel/UCqFzWxSCi39LnW1JKFR3efg
The Dodo,13.5,Animals & Pets,https://www.youtube.com/channel/UCINb0wqPz-A0dV9nARjJlOQ
Hacksmith Industries,13.5,Video games,https://www.youtube.com/channel/UCjgpFI5dU-D1-kh9H1muoxQ
XO TEAM,13.5,null,https://www.youtube.com/channel/UClZAOlfhJQJRym39WoAPxdw
Kurt Hugo Schneider,13.4,null,https://www.youtube.com/channel/UCplkk3J5wrEl0TNrthHjq4Q
ATHLEAN-X™,13.4,Fitness,https://www.youtube.com/channel/UCe0TLA0EsQbE-MjuHXevj2A
Conor Maynard,13.4,Music & Dance,https://www.youtube.com/channel/UCpmD3iT-8TQzRuygIiS9bAw
AzzyLand,13.4,Animation,https://www.youtube.com/channel/UCzeB_0FNcPIyUSjL_TL5lEw
H2ODelirious,13.4,Animation,https://www.youtube.com/channel/UCClNRixXlagwAd--5MwJKCw
The Q,13.4,null,https://www.youtube.com/channel/UCZdGJgHbmqQcVZaJCkqDRwg
Typical Gamer,13.4,Video games,https://www.youtube.com/channel/UC2wKfjlioOCLP4xQMOWNcgg
theRadBrad,13.4,Video games,https://www.youtube.com/channel/UCpqXJOEqGS-TCnazcHCo0rA
DALLMYD,13.3,Mystery,https://www.youtube.com/channel/UCI4fHQkguBNW3SwTqmehzjw
TommyInnit,13.3,Animation,https://www.youtube.com/channel/UC5p_l5ZeB_wGjO_yDXwiqvw
Matt Steffanina,13.2,Music & Dance,https://www.youtube.com/channel/UCczFdwWpVEpoqb-eMm4c4dQ
MoreAliA,13.2,Animation,https://www.youtube.com/channel/UCyeVfsThIHM_mEZq7YXIQSQ
The LaBrant Fam,13.2,Music & Dance,https://www.youtube.com/channel/UC4-CH0epzZpD_ARhxCx6LaQ
The Infographics Show,13.1,Education,https://www.youtube.com/channel/UCfdNM3NAhaBOXCafH7krzrA
Vogue,13,Fashion,https://www.youtube.com/channel/UCRXiA3h1no_PFkb1JCP0yMA
JesseAndMike,13,null,https://www.youtube.com/channel/UCV1JuyDF9Re3HyXFGeqnC7Q
Airrack,12.9,Video games,https://www.youtube.com/channel/UCyps-v4WNjWDnYRKmZ4BUGw
Alexa Rivera,12.9,Animation,https://www.youtube.com/channel/UCPpATKqmMV-CNRNWYaDUwiA
penguinz0,12.9,Animation,https://www.youtube.com/channel/UCq6VFHwMzcMXbuKyG7SQYIg
Beast Philanthropy,12.9,Food & Drinks,https://www.youtube.com/channel/UCAiLfjNXkNv24uhpzUgPa6A
Jesser,12.9,Video games,https://www.youtube.com/channel/UCQIUhhcmXsu6cN6n3y9-Pww
MrSuicideSheep,12.8,null,https://www.youtube.com/channel/UC5nc_ZtjKW1htCVZVRxlQAQ
Davie504,12.8,null,https://www.youtube.com/channel/UCgFvT6pUq9HLOvKBYERzXSQ
Dental Digest,12.8,null,https://www.youtube.com/channel/UC7u9o8BHiJyH2_cef_nC7tQ
웃웃TwinsFromRussia,12.8,null,https://www.youtube.com/channel/UC0avk6i7f9ZYFfORXMgZxlA
TKOR,12.6,DIY & Life Hacks,https://www.youtube.com/channel/UC1zZE_kJ8rQHgLTVfobLi_g
CaseyNeistat,12.6,Daily vlogs,https://www.youtube.com/channel/UCtinbF-Q-fVthA0qrFQTgXQ
Lofi Girl,12.5,Music & Dance,https://www.youtube.com/channel/UCSJ4gkVC6NrvII8umztf0Ow
YoungBoy Never Broke Again,12.4,Music & Dance,https://www.youtube.com/channel/UClW4jraMKz6Qj69lJf-tODA
People Vs Food,12.4,Food & Drinks,https://www.youtube.com/channel/UCHEf6T_gVq4tlW5i91ESiWg
Avril Lavigne,12.4,Music & Dance,https://www.youtube.com/channel/UC_k8KFBzEf0uQ8LRFSAgSUA
colinfurze,12.4,Video games,https://www.youtube.com/channel/UCp68_FLety0O-n9QU6phsgw
Ryan Trahan,12.3,Humor,https://www.youtube.com/channel/UCnmGIkw-KdI0W5siakKPKog
Ice Cream Rolls,12.3,null,https://www.youtube.com/channel/UCAon55hNT6ESbdQ5y1hRWTA
123 GO!,12.2,DIY & Life Hacks,https://www.youtube.com/channel/UCBXNpF6k2n8dsI6nBH8q4sQ
First We Feast,12.2,Food & Drinks,https://www.youtube.com/channel/UCPD_bxCRGpmmeQcbe2kpPaA
Kylie Jenner,12.2,Beauty,https://www.youtube.com/channel/UCWkYXtnAuu7VTLPwUcRSB6A
Nat and Essie,12.2,Toys,https://www.youtube.com/channel/UCzIdYMdAtTsWucGCZyZvN6w
Supercar Blondie,12.1,Animation,https://www.youtube.com/channel/UCKSVUHI9rbbkXhvAXK-2uxA
Adam W,12.1,Animation,https://www.youtube.com/channel/UC_k6e2PPDUnxEdMJC9Q044g
Wild 'N Out,12.1,Music & Dance,https://www.youtube.com/channel/UCrkzfc2yf-7q6pd7EtzgNaQ
P!NK,12,Music & Dance,https://www.youtube.com/channel/UCE5yTn9ljzSnC_oMp9Jnckg
The Film Theorists,12,Movies,https://www.youtube.com/channel/UC3sznuotAs2ohg_U__Jzj_Q
Lil Wayne,12,Music & Dance,https://www.youtube.com/channel/UCO9zJy7HWrIS3ojB4Lr7Yqw
Yoga With Adriene,12,Fitness,https://www.youtube.com/channel/UCFKE7WVJfvaHW5q283SxchA
BBC Earth,12,null,https://www.youtube.com/channel/UCwmZiChSryoWQCZMIQezgTg
Kluna Tik,11.9,null,https://www.youtube.com/channel/UCw5hxC9BldHV8cU8PgbNY9g
Jaiden Animations,11.9,null,https://www.youtube.com/channel/UCGwu0nbY2wSkW8N-cghnLpA
CrazyRussianHacker,11.8,Animation,https://www.youtube.com/channel/UCe_vXdMrHHseZ_esYUskSBw
HISTORY,11.8,Movies,https://www.youtube.com/channel/UC9MAhZQQd9egwWCxrwSIsJQ
Inside Edition,11.8,News & Politics,https://www.youtube.com/channel/UC9k-yiEpRHMNVOnOi_aQK8w
Flamingo,11.8,Animation,https://www.youtube.com/channel/UCm-X6o81nRsXQTmqpyArkBQ
Ian Boggs,11.7,Animation,https://www.youtube.com/channel/UC9yadlAEiyOUNa3y4dnuYFg
Tfue,11.7,Animation,https://www.youtube.com/channel/UC9lSZSYpDDE18hoFA7YlBpw
Peet Montzingo,11.7,Daily vlogs,https://www.youtube.com/channel/UC1WbRuMMzbzUfBG65x1FmXQ
Annoying Orange,11.7,Movies,https://www.youtube.com/channel/UCi-5OZ2tYuwMLIcEyOsbdRA
Talent Recap,11.7,Music & Dance,https://www.youtube.com/channel/UCSWwb_YyNB8vuC1VDcfPPaQ
Maymo,11.6,null,https://www.youtube.com/channel/UCC7tqA6lA2QRw4BdrAEKFxg
Cut,11.6,Humor,https://www.youtube.com/channel/UCbaGn5VkOVlcRgIWAHcrJKA
Kênh Thiếu Nhi - BHMEDIA,11.6,Music & Dance,https://www.youtube.com/channel/UC6eq3sR4CtbvGdmInchzWUA
Taylor RS,11.6,null,https://www.youtube.com/channel/UCCdYYruzqbr0FdNehbUoUiw
Fortnite,11.6,Movies,https://www.youtube.com/channel/UClG8odDC8TS6Zpqk9CGVQiQ
Genius,11.6,Music & Dance,https://www.youtube.com/channel/UCyFZMEnm1il5Wv3a6tPscbA
Doja Cat,11.6,Music & Dance,https://www.youtube.com/channel/UCzpl23pGTHVYqvKsgY0A-_w
Dobre Brothers,11.5,Movies,https://www.youtube.com/channel/UCC3OGYxHwV8pB5yLobw9KdA
Comedy Central,11.4,Movies,https://www.youtube.com/channel/UCUsN5ZwHx2kILm84-jPDeXw
Wassabi,11.4,Movies,https://www.youtube.com/channel/UCNdqe5zJ6k-i7XKoYWA4Z2g
CaptainSparklez,11.4,Video games,https://www.youtube.com/channel/UCshoKvlZGZ20rVgazZp5vnQ
BE AMAZED,11.4,Education,https://www.youtube.com/channel/UCkQO3QsgTpNTsOw6ujimT5Q
UnspeakableReacts,11.4,Video games,https://www.youtube.com/channel/UCKYb5XBe-5OSEgLijLSoDtw
HUBA후바,11.4,null,https://www.youtube.com/channel/UCybzQL-nUUIcbobgx6CrvkQ
Red Bull,11.4,Sports,https://www.youtube.com/channel/UCblfuW_4rakIf2h6aqANefA
MyLifeAsEva,11.4,Humor,https://www.youtube.com/channel/UCAoMPWcQKA_9Af5YhWdrZgw
Vox,11.3,News & Politics,https://www.youtube.com/channel/UCLXo7UDZvByw2ixzpQCufnA
DemolitionRanch,11.2,Video games,https://www.youtube.com/channel/UCBvc7pmUp9wiZIFOXEp1sCg
NASA,11.2,News & Politics,https://www.youtube.com/channel/UCLA_DiR1FfKNvjuUpBHmylQ
NFL,11.2,Sports,https://www.youtube.com/channel/UCDVYQ4Zhbm3S2dlz7P1GBDg
ViralHog,11.1,Daily vlogs,https://www.youtube.com/channel/UC3339WgBDKIcxTfywuSmG8w
ExplosmEntertainment,11,Movies,https://www.youtube.com/channel/UCWXCrItCF6ZgXrdozUS-Idw
SmarterEveryDay,11,Science & Technology,https://www.youtube.com/channel/UC6107grRI4m0o2-emgoDnAA
Caylus,11,Animation,https://www.youtube.com/channel/UCVAYy7_zddIx6USjXscV9Vg
Minecraft,10.9,Animation,https://www.youtube.com/channel/UC1sELGmy5jp5fQUugmuYlXQ
Psych2Go,10.9,Health & Self Help,https://www.youtube.com/channel/UCkJEpR7JmS36tajD34Gp4VA
Piper Rockelle,10.9,Music & Dance,https://www.youtube.com/channel/UCYfbq37VGb-07tDS0FGtsPw
Primitive Technology,10.8,DIY & Life Hacks,https://www.youtube.com/channel/UCAL3JXZSzSm8AlZyD3nQdBA
Warner Bros. Pictures,10.8,Movies,https://www.youtube.com/channel/UCjmJDM5pRKbUlVIzDYYWb6g
Jane & Sergio 🥰,10.8,null,https://www.youtube.com/channel/UCi-zk_MWt0Skdhm4ez_aFZw
Doctor Mike,10.8,Health & Self Help,https://www.youtube.com/channel/UC0QHWhjbe5fGJEPz3sVb6nw
Cris Devil Gamer,10.8,Movies,https://www.youtube.com/channel/UCd0neB_LB1xpwIYDetX2qTg
stampylonghead,10.8,Video games,https://www.youtube.com/channel/UCj5i58mCkAREDqFWlhaQbOw
SportsNation,10.7,Sports,https://www.youtube.com/channel/UCQZi2YXSxc6BSK4mZHql8ag
Patty Mayo,10.6,Movies,https://www.youtube.com/channel/UCEYLdM2bdhmw-TS3c0TjFNw
MTV,10.6,Music & Dance,https://www.youtube.com/channel/UCxAICW_LdkfFYwTqTHHE0vg
Nick Pro,10.6,Sports,https://www.youtube.com/channel/UChCBHudFoBnsF0O1flPXqiQ
Luke Davidson,10.6,null,https://www.youtube.com/channel/UCuwJoiGWRxPYStBp0l0WuZw
Jesse,10.6,Music & Dance,https://www.youtube.com/channel/UCgefQJC5UgbWJHDxBqB4qVg
Fox News,10.6,News & Politics,https://www.youtube.com/channel/UCXIJgqnII2ZOINSWNOGFThA
TopMovieClips,10.4,Movies,https://www.youtube.com/channel/UClVbhSLxwws-KSsPKz135bw
AsapSCIENCE,10.4,Science & Technology,https://www.youtube.com/channel/UCC552Sd-3nyi_tk2BudLUzA
How It Should Have Ended,10.4,Movies,https://www.youtube.com/channel/UCHCph-_jLba_9atyCZJPLQQ
"SaraBeautyCorner - DIY, Comedy, Makeup, Nail Art",10.4,DIY & Life Hacks,https://www.youtube.com/channel/UC0YvTCy1I4_a-3pn47_5DBA
The Daily Show,10.4,News & Politics,https://www.youtube.com/channel/UCwWhs_6x42TyRM4Wstoq8HA
OneRepublic,10.4,Music & Dance,https://www.youtube.com/channel/UCi4EDAgjULwwNBHOg1aaCig
The Bee Family,10.4,Daily vlogs,https://www.youtube.com/channel/UCtZAaljDNIsIAIhwYYzvEiw
Vie Channel - HTV2,10.4,Music & Dance,https://www.youtube.com/channel/UCkna2OcuN1E6u5I8GVtdkOw
Gorillaz,10.3,Music & Dance,https://www.youtube.com/channel/UCfIXdjDQH9Fau7y99_Orpjw
WIRED,10.3,null,https://www.youtube.com/channel/UCftwRNsjfRo08xYE31tkiyw
Dr. Eric Berg DC,10.3,Health & Self Help,https://www.youtube.com/channel/UC3w193M5tYPJqF0Hi-7U-2g
Family Fun Pack,10.2,null,https://www.youtube.com/channel/UCvthuVsurPaVz2a7_4LepGg
FV FAMILY,10.2,Movies,https://www.youtube.com/channel/UC4-eGDvOe41__-RiE0E9L6A
Squared Media,10.2,Animation,https://www.youtube.com/channel/UCawEP-InoKYKutsgq_vqIXA
truly,10.2,News & Politics,https://www.youtube.com/channel/UCfwx98Wty7LhdlkxL5PZyLA
VitalyzdTv,10,Humor,https://www.youtube.com/channel/UC1KPy3cAAj0i0RIFC_SzjMg
InquisitorMaster,10,Animation,https://www.youtube.com/channel/UCS7b93ZwoL1xt2hR7a7l2mg
Babish Culinary Universe,10,Food & Drinks,https://www.youtube.com/channel/UCJHA_jMfCvEnv-3kRjTCQXw
DaBaby,10,Music & Dance,https://www.youtube.com/channel/UC2CCXzC56k0b8L49R_iW-Yw
Telemundo Novelas,10,Movies,https://www.youtube.com/channel/UCsDG_lFhRcvC14XRYVLeIfA
ItsFunneh,10,Animation,https://www.youtube.com/channel/UCUk7VggtJdo9XYTy3Z5QVAw
Thơ Nguyễn,10,Music & Dance,https://www.youtube.com/channel/UCSJsjCiTl2lourZXnigVCoA
Best Ever Food Review Show,10,Food & Drinks,https://www.youtube.com/channel/UCcAd5Np7fO8SeejB1FVKcYw
POPS MUSIC,9.8,Music & Dance,https://www.youtube.com/channel/UCUgXK2UjZ8G_EM438aYkGrw
JoshDub,9.8,Animation,https://www.youtube.com/channel/UC9DWJ33CMvIseLlyx6hyRnA
Will Smith,9.8,Movies,https://www.youtube.com/channel/UCKuHFYu3smtrl2AwwMOXOlg
Mark Wiens,9.8,Food & Drinks,https://www.youtube.com/channel/UCyEd6QBSgat5kkC6svyjudA
Nick DiGiovanni,9.8,Food & Drinks,https://www.youtube.com/channel/UCMyOj6fhvKFMjxUCp3b_3gA
Izabela Stress,9.8,null,https://www.youtube.com/channel/UC8-4DBG_s3OvpuNFdEYxnFA
Carter Sharer,9.8,Video games,https://www.youtube.com/channel/UCtNBFUsxj2YVbEc5HquzFqg
Guinness World Records,9.8,null,https://www.youtube.com/channel/UCeSRjhfeeqIgr--AcP9qhyg
쏘영 Ssoyoung,9.7,ASMR,https://www.youtube.com/channel/UC4PpFUrfT2Pou7OwpVF0MUQ
The Prince Family,9.7,Humor,https://www.youtube.com/channel/UC5LGPvoUOfwcLi4Ck8LiR4A
BCC Gaming,9.7,null,https://www.youtube.com/channel/UCBw-Dz6wHRkxiXKCLoWqDzA
Steven He,9.7,Humor,https://www.youtube.com/channel/UCP0_k4INXrwPS6HhIyYqsTg
Greg Renko,9.7,Animation,https://www.youtube.com/channel/UCB_CCSAGP_YCuR36_w2bG1w
Safiya Nygaard,9.7,Fashion,https://www.youtube.com/channel/UCbAwSkqJ1W_Eg7wr3cp5BUA
Madilyn Bailey,9.6,Music & Dance,https://www.youtube.com/channel/UCZH4EVUqljV-zkZEd0Ot7EQ
Thinknoodles,9.6,Animation,https://www.youtube.com/channel/UChd1FPXykD4pust3ljzq6hQ
Beluga,9.6,null,https://www.youtube.com/channel/UCmSp4bDxS9R0jpeZEvkut2g
ChrisFix,9.5,Autos & Vehicles,https://www.youtube.com/channel/UCes1EvRjcKU4sY_UEavndBw
Lâm Vlog,9.5,Toys,https://www.youtube.com/channel/UConnM5zwOP9vG_LPTYbRsAg
Grandpa Kitchen,9.5,Food & Drinks,https://www.youtube.com/channel/UC1of9ELYwB623fWaAMRDVFA
A&E,9.5,null,https://www.youtube.com/channel/UCNIFiHaLZkYASaWDdkC1njg
Haschak Sisters,9.5,Music & Dance,https://www.youtube.com/channel/UCMkfcY0uNTa7hccthSooPnQ
Stephen Sharer,9.4,Toys,https://www.youtube.com/channel/UCDfk8ogO6QGeJAYCY0QDzKw
Macklemore,9.4,Music & Dance,https://www.youtube.com/channel/UCXYRdIXDdeZIf816EWAr5zQ
Niki and Gabi,9.4,Fashion,https://www.youtube.com/channel/UCuVHOs0H5hvAHGr8O4yIBNQ
SAS-ASMR,9.4,null,https://www.youtube.com/channel/UCp4LfMtDfoa29kTlLnqQ5Mg
Joey Graceffa,9.4,Animals & Pets,https://www.youtube.com/channel/UCGCPAOQDZa_TTTXDr5byjww
Anwar Jibawi,9.4,null,https://www.youtube.com/channel/UCEr55381WIqO1w_IzgcI5DQ
McCreamy,9.4,Video games,https://www.youtube.com/channel/UC-sjC5fKKsrpcZRJwlZJzZQ
Khalid,9.3,null,https://www.youtube.com/channel/UCkntT5Je5DDopF70YUsnuEQ
Denis,9.3,Video games,https://www.youtube.com/channel/UCOaMOXfe8EWH1GJyhqhXrAA
CinemaSins,9.2,Movies,https://www.youtube.com/channel/UCYUQQgogVeQY8cMQamhHJcg
NFrealmusic,9.2,Music & Dance,https://www.youtube.com/channel/UCoRR6OLuIZ2-5VxtnQIaN2w
LastWeekTonight,9.2,News & Politics,https://www.youtube.com/channel/UC3XTzVzaHQEd30rQbuvCtTQ
Jack Doherty,9.2,null,https://www.youtube.com/channel/UCkj8f9sqSKuzn-NyP7Os1ZQ
Kids Fun TV,9.2,null,https://www.youtube.com/channel/UChsFzlDgXxa4MDlFp-28FxQ
ESPN,9.2,Sports,https://www.youtube.com/channel/UCiWLfSweyRNmLpgEHekhoAg
Isaiah Photo,9.2,null,https://www.youtube.com/channel/UCjPYYvIdTqn9U52p9IxJ72Q
Muselk,9.2,Video games,https://www.youtube.com/channel/UCd534c_ehOvrLVL2v7Nl61w
SnoopDoggTV,9.2,Music & Dance,https://www.youtube.com/channel/UC-OO324clObi3H-U0bP77dw
The X Factor UK,9.1,null,https://www.youtube.com/channel/UCEY1ejsweY4DgMwOVJeEaBA
The Late Show with Stephen Colbert,9.1,Movies,https://www.youtube.com/channel/UCMtFAi84ehTSYSE9XoHefig
Rooster Teeth,9.1,Movies,https://www.youtube.com/channel/UCzH3iADRIq1IJlIXjfNgTpA
BigDawsTv,9.1,Animation,https://www.youtube.com/channel/UCu4X846OSea5YU6S8fIpy1A
Hannah Stocking,9.1,null,https://www.youtube.com/channel/UCkS8bfIrm38QCSQeOqRxR4A
Howcast,9.1,Health & Self Help,https://www.youtube.com/channel/UCSpVHeDGr9UbREhRca0qwsA
TheRelaxingEnd,9.1,null,https://www.youtube.com/channel/UCWVuy4NPohItH9-Gr7e8wqw
Facts Verse,9.1,Movies,https://www.youtube.com/channel/UCXZpQgX1897wYDLtvzmgyIA
Brianna,9.1,Humor,https://www.youtube.com/channel/UCXg4rJUbDP1IP3TmZ9KDpJg
TonyTV,9,Daily vlogs,https://www.youtube.com/channel/UCKl0tA90oEArasOGzp8I41g
Nintendo of America,9,null,https://www.youtube.com/channel/UCGIY_O-8vW4rfX98KlMkvRg
Sam and Colby,9,Video games,https://www.youtube.com/channel/UCg3gzldyhCHJjY7AWWTNPPA
MBCentertainment,8.9,Music & Dance,https://www.youtube.com/channel/UCiBr0bK06imaMbLc8sAEz0A
Proximity,8.9,null,https://www.youtube.com/channel/UC3ifTl5zKiCAhHIBQYcaTeg
CJ SO COOL,8.9,Humor,https://www.youtube.com/channel/UCVyM1Zknz3u2hGLAN2NVtZg
The Voice,8.9,Music & Dance,https://www.youtube.com/channel/UCpdK1NLHxEUGXc1gq2NxkTw
Kallmekris,8.9,Animation,https://www.youtube.com/channel/UCiciOsypkXcqSFqSPd-NRVA
Vat19,8.8,DIY & Life Hacks,https://www.youtube.com/channel/UCDRbNGFusqlXX4a5vwi9ouQ
Moriah Elizabeth,8.8,DIY & Life Hacks,https://www.youtube.com/channel/UCYAB7hh1ohA8-iX54EpMdeA
GamingWithKev,8.8,Video games,https://www.youtube.com/channel/UCrkfdiZ4pF3f5waQaJtjXew
LARRAY,8.8,Animation,https://www.youtube.com/channel/UCt_DaLB_NDqPVxezyvcfRtg
PaulVuTV,8.7,null,https://www.youtube.com/channel/UCRehQoB8xNozXLsfzFtDY4w
Michelle Phan,8.7,Beauty,https://www.youtube.com/channel/UCuYx81nzzz4OFQrhbKDzTng
Be Inspired,8.7,Science & Technology,https://www.youtube.com/channel/UCaKZDEMDdQc8t6GzFj1_TDw
Machine Gun Kelly,8.7,Music & Dance,https://www.youtube.com/channel/UCUs8sGiP4avNaYNVO22INhQ
Sofie Dossi,8.7,Movies,https://www.youtube.com/channel/UCF0_hwTeQ73IhJuEtsUbEtA
ĐÔNG TÂY PROMOTION OFFICIAL,8.6,Music & Dance,https://www.youtube.com/channel/UCFMEYTv6N64hIL9FlQ_hxBw
Screen Rant,8.6,Movies,https://www.youtube.com/channel/UC2iUwfYi_1FCGGqhOUNx-iA
Desmond Dennis,8.6,Animation,https://www.youtube.com/channel/UC766XIyusOpE7syokucRykA
Taylor Red TV,8.6,null,https://www.youtube.com/channel/UCZbxOF4JvldBz1jYDURg_gQ
Mumbo Jumbo,8.6,Video games,https://www.youtube.com/channel/UChFur_NwVSbUozOcF_F2kMg
Team Coco,8.6,Movies,https://www.youtube.com/channel/UCi7GJNg51C3jgmYTUwqoUXA
TheThings Celebrity,8.6,null,https://www.youtube.com/channel/UC1Ydgfp2x8oLYG66KZHXs1g
FunnyMike,8.6,Video games,https://www.youtube.com/channel/UC3xWCpnWd8l7HaiqfvtzIhQ
Amaury Guichon,8.6,null,https://www.youtube.com/channel/UC0fvGpDXi7sV2hbgD-O47yw
AwesomenessTV,8.6,Humor,https://www.youtube.com/channel/UCWljxewHlJE3M7U_6_zFNyA
Talking Tom Heroes,8.6,Movies,https://www.youtube.com/channel/UCwC-DciMGGk9AgpJ3hpreHw
House of Highlights,8.5,Sports,https://www.youtube.com/channel/UCqQo7ewe87aYAe7ub5UqXMw
VICE News,8.5,News & Politics,https://www.youtube.com/channel/UCZaT_X_mc0BI-djXOlfhqWQ
G-Eazy,8.5,Music & Dance,https://www.youtube.com/channel/UCBkNpeyvBO2TdPGVC_PsPUA
HunniBee ASMR,8.5,ASMR,https://www.youtube.com/channel/UCB7Te5Pb6LOTFV7i0Rzp8dg
grav3yardgirl,8.5,ASMR,https://www.youtube.com/channel/UCGwPbAQdGA3_88WBuGtg9tw
LaurDIY,8.4,null,https://www.youtube.com/channel/UCap97Ue8K_BpKlrvQRYd6JA
Pipe Cleaner Crafts B,8.4,null,https://www.youtube.com/channel/UCOuQbxT3ChGo6B_cJz9InRg
Rae Sremmurd,8.4,Music & Dance,https://www.youtube.com/channel/UC9iDw30SeRSm18kT98F5iAA
Tati,8.4,Beauty,https://www.youtube.com/channel/UC4qk9TtGhBKCkoWz5qGJcGg
#Mind Warehouse,8.4,Movies,https://www.youtube.com/channel/UCYenDLnIHsoqQ6smwKXQ7Hg
Familia Diamond,8.4,Humor,https://www.youtube.com/channel/UC5ZOSZ-Bpass2ZkJY9q9ISg
_vector_,8.4,null,https://www.youtube.com/channel/UCzJ53fi4NuDCYWOk9PtEkCA
Kodak Black,8.4,Music & Dance,https://www.youtube.com/channel/UChEYVadfkMCfrKUi6qr3I1Q
The School of Life,8.4,Design/art,https://www.youtube.com/channel/UC7IcJI8PUf5Z3zKxnZvTBog
Natalies Outlet,8.3,null,https://www.youtube.com/channel/UCIOUkPJZtWThQBtkCRniSBw
blogilates,8.3,null,https://www.youtube.com/channel/UCIJwWYOfsCfz6PjxbONYXSg
Yes Theory,8.3,Travel,https://www.youtube.com/channel/UCvK4bOhULCpmLabd2pDMtnA
Daz Games,8.2,Animation,https://www.youtube.com/channel/UCDBCCMlFD-hArPbWv38FINA
Bad Lip Reading,8.2,Movies,https://www.youtube.com/channel/UC67f2Qf7FYhtoUIF4Sf29cA
loveliveserve,8.2,Movies,https://www.youtube.com/channel/UCyoEZ7icpGsUlki08Is8v9g
Grian,8.2,Video games,https://www.youtube.com/channel/UCR9Gcq0CMm6YgTzsDxAxjOQ
The Official Gummibär Channel,8.1,Movies,https://www.youtube.com/channel/UCyKa1YNZLio6XfjMR7fw45Q
Insider,8.1,Movies,https://www.youtube.com/channel/UCHJuQZuzapBh-CuhRYxIZrg
The Try Guys,8.1,Food & Drinks,https://www.youtube.com/channel/UCpi8TJfiA4lKGkaXs__YdBA
Lil Dicky,8.1,Music & Dance,https://www.youtube.com/channel/UC8rVJyj4zE0S9-sccMLifIA
MineCraft VFX Family,8,null,https://www.youtube.com/channel/UCyn4UphNjXY8ULKja5F9DBQ
Whitney Houston,8,Music & Dance,https://www.youtube.com/channel/UC7fzrpTArAqDHuB3Hbmd_CQ
ExtremeToys TV,8,Video games,https://www.youtube.com/channel/UCKV2MIICJ8Oa7_he1IZJEVw
tzuyang,8,Food & Drinks,https://www.youtube.com/channel/UCfpaSruWW3S4dibonKXENjA
WILDCAT,8,Video games,https://www.youtube.com/channel/UC-kOXc3gBwksVfmndSEz7jg
RageElixir,8,Animation,https://www.youtube.com/channel/UC2IbKgetx0qzxVKVZ8NlIfw
AlishaMarie,8,Fashion,https://www.youtube.com/channel/UCSReacwdlGHHyTIyuROhVdQ
kevingatesTV,8,Music & Dance,https://www.youtube.com/channel/UCj2GTFekdV3EUsTVN8oaEqA
Cheryl Porter Vocal Coach,8,Music & Dance,https://www.youtube.com/channel/UCiuFR-m7cy1GW-JMMYBd1TQ
5SOS,8,Music & Dance,https://www.youtube.com/channel/UC-vKwDHcbPLtjml81ohGRng
Mr Bean World,8,null,https://www.youtube.com/channel/UCzoFjzSkbrDD1GHsz2YNLig
Hau Hoang,7.9,Music & Dance,https://www.youtube.com/channel/UCbIZSalhHyz3RNWj2wowzdQ
Jubilee,7.9,Humor,https://www.youtube.com/channel/UCJjSDX-jUChzOEyok9XYRJQ
TheMermaidscales,7.9,null,https://www.youtube.com/channel/UCxd6ifFZycyUB45d2t9VPQw
Troye Sivan,7.9,Daily vlogs,https://www.youtube.com/channel/UCWcrr8Q9INGNp-PTCLTzc8Q
VuxVux,7.9,Video games,https://www.youtube.com/channel/UC3HY3mmn2hBenusN53K6jZA
Aaron Esser,7.9,Animation,https://www.youtube.com/channel/UCOTaQOueW7Va3rVF3PGL4hw
Tipsy Bartender,7.9,Food & Drinks,https://www.youtube.com/channel/UCaDY8WjYWy36bnt0RVzSklw
MadFit,7.9,Fitness,https://www.youtube.com/channel/UCpQ34afVgk8cRQBjSJ1xuJQ
Khan Academy,7.8,Science & Technology,https://www.youtube.com/channel/UC4a-Gbdw7vOaccHmFo40b9g
Vivziepop,7.8,Movies,https://www.youtube.com/channel/UCzfyYtgvkx5mLy8nlLlayYg
Miraculous Ladybug,7.8,Movies,https://www.youtube.com/channel/UCWjVfZ3VnyUwBEOkuOlaU3g
Steve TV Show,7.8,Music & Dance,https://www.youtube.com/channel/UCEs-zSwH2NYGskxF-ptoT1w
Merrick Hanna,7.8,null,https://www.youtube.com/channel/UC39he8ro-KtBHkq0NXOFyQw
MostAmazingTop10,7.8,Animation,https://www.youtube.com/channel/UCBINYCmwE29fBXCpUI8DgTA
Joshua Weissman,7.8,Food & Drinks,https://www.youtube.com/channel/UChBEbMKI1eCcejTtmI32UEw
sWooZie,7.8,Movies,https://www.youtube.com/channel/UCUKi4zY5ETSqrKAjTBgjM-g
NPR Music,7.8,Music & Dance,https://www.youtube.com/channel/UC4eYXhJI4-7wSWc8UNRwD4A
AWESMR pop,7.7,DIY & Life Hacks,https://www.youtube.com/channel/UClkUrNgGC4BD6pWURJbM9MQ
AaronsAnimals,7.7,null,https://www.youtube.com/channel/UCNo5PGwGmfnEprEUUb9AGgw
NBC News,7.7,News & Politics,https://www.youtube.com/channel/UCeY0bbntWzzVIaj2z3QigXg
Univision Noticias,7.7,ASMR,https://www.youtube.com/channel/UC32TdiIsh_5X8tKr_9rKQyA
JerryRigEverything,7.7,DIY & Life Hacks,https://www.youtube.com/channel/UCWFKCr40YwOZQx8FHU_ZqqQ
SyrebralVibes,7.7,Music & Dance,https://www.youtube.com/channel/UCi0LydWaEUy3Vx8flL29ebQ
Dr. Sandra Lee (aka Dr. Pimple Popper),7.7,ASMR,https://www.youtube.com/channel/UCgrsF4TYwmrV0QsXb8AoeHQ
Disney Channel,7.7,Movies,https://www.youtube.com/channel/UCw7SNYrYei7F5ttQO3o-rpA
Insider Business,7.7,News & Politics,https://www.youtube.com/channel/UCcyq283he07B7_KUX07mmtA
The Rybka Twins,7.7,Music & Dance,https://www.youtube.com/channel/UC-TFz4MD1ZzcY6NuZAP3Ndw
Brad Mondo,7.7,DIY & Life Hacks,https://www.youtube.com/channel/UCoc_XJPj6YLMQDWtPDQcDtA
LTT Nerf War,7.6,Animation,https://www.youtube.com/channel/UCEBxKea8z-2H6I5x7X342qQ
Tencent Video,7.6,Movies,https://www.youtube.com/channel/UCQatgKoA7lylp_UzvsLCgcw
Flashback FM,7.6,Movies,https://www.youtube.com/channel/UC-GAhNmY6bkuuRPUSaRI_oQ
THENX,7.6,Fitness,https://www.youtube.com/channel/UCqjwF8rxRsotnojGl4gM0Zw
mrnigelng,7.6,Food & Drinks,https://www.youtube.com/channel/UCVjlpEjEY9GpksqbEesJnNA
John Legend,7.6,Music & Dance,https://www.youtube.com/channel/UCEa-JnNdYCIFn3HMhjGEWpQ
JStu,7.6,Video games,https://www.youtube.com/channel/UCZpRTwgtk1H0cUAWrHZ1gzg
RoomieOfficial,7.6,Music & Dance,https://www.youtube.com/channel/UC9SVhrnsGxWwiBRWT9c7Ozw
Donut,7.6,Autos & Vehicles,https://www.youtube.com/channel/UCL6JmiMXKoXS6bpP1D3bk8g
Bhad Bhabie,7.6,Music & Dance,https://www.youtube.com/channel/UC7rVvFP90pl7tAtPsVIhfww
gameranx,7.6,Video games,https://www.youtube.com/channel/UCNvzD7Z-g64bPXxGzaQaa4g
Monstercat Uncaged,7.5,Music & Dance,https://www.youtube.com/channel/UCJ6td3C9QlPO9O_J5dF4ZzA
Trinity and Beyond,7.5,Animation,https://www.youtube.com/channel/UCCryrohClZM8XK4yEYBE_qA
UnspeakablePlays,7.5,Animation,https://www.youtube.com/channel/UC1n_yB_W-FZCbwajZPcs8Jw
SciShow,7.5,Science & Technology,https://www.youtube.com/channel/UCZYTClx2T1of7BRZ86-8fow
Kay,7.5,Video games,https://www.youtube.com/channel/UCFB-QxUdWLN3jxmfBHha9vQ
KreekCraft,7.5,Animation,https://www.youtube.com/channel/UCxsk7hqE_CwZWGEJEkGanbA
AmusementForce,7.5,Daily vlogs,https://www.youtube.com/channel/UCycM0Fd584iW3IpgCAjaSEw
Team Edge,7.5,Video games,https://www.youtube.com/channel/UCaRH3rDr3K3CEfhVqu5mgUQ
MrBallen,7.5,Movies,https://www.youtube.com/channel/UCtPrkXdtCM5DACLufB9jbsA
Universal Pictures,7.4,Movies,https://www.youtube.com/channel/UCq0OueAsdxH6b8nyAspwViw
WION,7.4,News & Politics,https://www.youtube.com/channel/UC_gUM8rL-Lrg6O3adPW9K1g
Smosh Pit,7.4,Humor,https://www.youtube.com/channel/UCYJPby9DRCteedh5tfxVbrw
123 GO! CHALLENGE,7.4,Toys,https://www.youtube.com/channel/UC_O-vmjpkom1m5shISID94g
Papa Jake,7.4,Video games,https://www.youtube.com/channel/UCANBW6ACWi9huiCfbKk1pbQ
TLC,7.4,null,https://www.youtube.com/channel/UCqf2gzmKtH3PaAbt-qgFFsw
Call of Duty,7.4,Animation,https://www.youtube.com/channel/UC9YydG57epLqxA9cTzZXSeQ
SuperHeroKids,7.4,Movies,https://www.youtube.com/channel/UCNLdqhBwGzscezZwsdcm0SA
Nogla,7.4,Video games,https://www.youtube.com/channel/UCvPW1W4WlpTgNezZzwIstLA
Domics,7.4,Animation,https://www.youtube.com/channel/UCn1XB-jvmd9fXMzhiA6IR0w
Usher,7.4,Music & Dance,https://www.youtube.com/channel/UCaNrhBiXsXIM2epDl_kEzgQ
GQ,7.4,null,https://www.youtube.com/channel/UCsEukrAd64fqA7FjwkmZ_Dw
Smosh Games,7.4,Humor,https://www.youtube.com/channel/UCJ2ZDzMRgSrxmwphstrm8Ww
Professor Live,7.4,Sports,https://www.youtube.com/channel/UC5zJwsFtEs9WYe3A76p7xIA
videogamedunkey,7.3,Animation,https://www.youtube.com/channel/UCsvn_Po0SmunchJYOWpOxMg
The McCartys,7.3,null,https://www.youtube.com/channel/UCJQsW7LeVEIDCEJU47NmXBA
LaurenZside,7.3,Animation,https://www.youtube.com/channel/UCeBnbqt4VRhotq2TQjkIi2A
ThatWasEpic,7.3,Animation,https://www.youtube.com/channel/UCSrnmu3W6YXWU_85DKT5arg
Omar Raja - ESPN,7.3,Sports,https://www.youtube.com/channel/UCx18ywTcohtS9lpNXt8noWQ
hickok45,7.3,News & Politics,https://www.youtube.com/channel/UCvB3solmhqtgDeLpD-yTtfg
What If,7.3,Science & Technology,https://www.youtube.com/channel/UCphTF9wHwhCt-BzIq-s4V-g
Binge Society,7.3,Movies,https://www.youtube.com/channel/UCOo_v3eVbfET7_zi2KLOP9g
Skip the Tutorial,7.3,Video games,https://www.youtube.com/channel/UC3xZYc4SZUGfRERIvDRGqDQ
The Finest,7.2,News & Politics,https://www.youtube.com/channel/UCUVa51UA_690sEKyRbHb-5A
AnthonyPadilla,7.1,Education,https://www.youtube.com/channel/UCPJHQ5_DLtxZ1gzBvZE99_g
YOGSCAST Lewis & Simon,7.1,Video games,https://www.youtube.com/channel/UCH-_hzb2ILSCo9ftVSnrCIQ
Justin Flom,7.1,Animation,https://www.youtube.com/channel/UCb9A6uotqUiuVCvVp4GMqOg
GameToons,7.1,Animation,https://www.youtube.com/channel/UCToxKVrkEuAONR4rFIJ_DyQ
Danny Duncan,7.1,null,https://www.youtube.com/channel/UC94lW_-Hr_uA7RcJ3D-WPOg
iJustine,7.1,null,https://www.youtube.com/channel/UCey_c7U86mJGz1VJWH5CYPA
The Piano Guys,7.1,Music & Dance,https://www.youtube.com/channel/UCmKurapML4BF9Bjtj4RbvXw
Michael Reeves,7.1,null,https://www.youtube.com/channel/UCtHaxi4GTYDpJgMSGy7AeSw
JVKE,7.1,Music & Dance,https://www.youtube.com/channel/UCSOfUqPoqpp5aWDDnAyv94g
LDShadowLady,7.1,Video games,https://www.youtube.com/channel/UCzTlXb7ivVzuFlugVCv3Kvg
Chris Ramsay,7.1,Movies,https://www.youtube.com/channel/UCrPUg54jUy1T_wII9jgdRbg
EvanTubeHD,7,Toys,https://www.youtube.com/channel/UCHa-hWHrTt4hqh-WiHry3Lw
Brooklyn and Bailey,7,Humor,https://www.youtube.com/channel/UC6QWhGQqf0YDYdRb0n6ojWw
JiDion,7,Video games,https://www.youtube.com/channel/UCvj3hNvwrEgTRkeut7_cBAQ
iHasCupquake,7,null,https://www.youtube.com/channel/UCqg2eLFNUu3QN3dttNeOWkw
Jeremy Hutchins,7,Animation,https://www.youtube.com/channel/UC6xSN0oY2I9U_9xTo2RjE7g
Phương Hữu Dưỡng,7,Animation,https://www.youtube.com/channel/UC7mc9-vty5WAeIYi0PIkONg
PlataBush,7,null,https://www.youtube.com/channel/UCwRohIVTsUkC23qRZVBbS0g
Tool_Tips,7,Daily vlogs,https://www.youtube.com/channel/UCGLDtG2tl0uG8P0eNstbLUA
Pixar,6.9,Movies,https://www.youtube.com/channel/UC_IRYSp4auq7hKLvziWVH6w
Dixie D'Amelio,6.9,Music & Dance,https://www.youtube.com/channel/UCLOEGprmycLLbyzBj2jozLg
Kluna Tik 2,6.9,null,https://www.youtube.com/channel/UCC8Di_yHmWS2CwkhejC62LQ
Matt Slays,6.9,Video games,https://www.youtube.com/channel/UCvo9oZCTg_UaTQbhyXkXX3w
Tiko,6.9,Animation,https://www.youtube.com/channel/UCW0wEGsLzmIgvQDOXgaz4vg
DaveHax,6.9,DIY & Life Hacks,https://www.youtube.com/channel/UC0rDDvHM7u_7aWgAojSXl1Q
Bailey Sarian,6.9,Beauty,https://www.youtube.com/channel/UCtNdVINwfYFTQEEZgMiQ8FA
Entertainment Access,6.9,Movies,https://www.youtube.com/channel/UCA0MDADBWmCFro3SXR5mlSg
Epic Meal Time,6.9,Food & Drinks,https://www.youtube.com/channel/UCYjk_zY-iYR8YNfJmuzd70A
Tyler Oakley,6.8,Humor,https://www.youtube.com/channel/UCvVuqRzGVqRlmZYlTf99M_w
Screen Junkies,6.8,Movies,https://www.youtube.com/channel/UCOpcACMWblDls9Z6GERVi1A
Lizzy Capri,6.8,Video games,https://www.youtube.com/channel/UCXOSzGyN3EPZfKE2hujeIYA
MixiGaming,6.8,Music & Dance,https://www.youtube.com/channel/UCA_23dkEYToAc37hjSsCnXA
Jordan B Peterson,6.8,Science & Technology,https://www.youtube.com/channel/UCL_f53ZEJxp8TtlOkHwMV9Q
Shroud,6.8,Video games,https://www.youtube.com/channel/UCoz3Kpu5lv-ALhR4h9bDvcw
Andre se hace Gamer,6.8,Video games,https://www.youtube.com/channel/UC45TGakhd-QcI_Y3WLMz3-g
GrayStillPlays,6.8,Animation,https://www.youtube.com/channel/UCzEy7pi3B7TIS9cn_sdKK9A
SMG4,6.8,Movies,https://www.youtube.com/channel/UC8LcA3grYZg0GNpxlXh8owg
5 PHÚT THỦ CÔNG,6.8,null,https://www.youtube.com/channel/UClLz5ZzYuTMSMziJtwQ5fGA
TheThings,6.8,Movies,https://www.youtube.com/channel/UC4qGmRZ7aLOLfVsSdj5Se2A
RealLifeLore,6.8,Travel,https://www.youtube.com/channel/UCP5tjEmvPItGyLhmjdwP7Ww
Jeenie.Weenie,6.8,null,https://www.youtube.com/channel/UCWc8CackfCo4q46FpEWBcPg
EddieVR,6.8,Animation,https://www.youtube.com/channel/UCYHnYO50VV8SzsmQq5PChRA
Sernando,6.8,Animation,https://www.youtube.com/channel/UCKIZCD7ljjbzaWSrDMT0QPw
FatTV,6.8,null,https://www.youtube.com/channel/UCUR8Hid3gm05upmtk4LrgpQ
Nick Eh 30,6.8,Video games,https://www.youtube.com/channel/UCt9nYeSz90lnOnaVFjxFJzw
Backstreet Boys,6.7,Music & Dance,https://www.youtube.com/channel/UC1OR2YNQLZJYFdQjFrPWvVw
JonTronShow,6.7,null,https://www.youtube.com/channel/UCdJdEguB1F1CiYe7OEi3SBg
Eystreem,6.7,Video games,https://www.youtube.com/channel/UC-g_O9HWb5B0rVDG1hLd5Hw
Funk Bros,6.7,Video games,https://www.youtube.com/channel/UCkrKW1_u0O8qSc3xsLoRHew
Adult Swim,6.7,Movies,https://www.youtube.com/channel/UCgPClNr5VSYC3syrDUIlzLw
alpha m.,6.7,Health & Self Help,https://www.youtube.com/channel/UC1KbedtKa3d5dleFR6OjQMg
Noticias Telemundo,6.7,News & Politics,https://www.youtube.com/channel/UCRwA1NUcUnwsly35ikGhp0A
The Vibe Guide,6.7,null,https://www.youtube.com/channel/UCxH0sQJKG6Aq9-vFIPnDZ2A
Ghiền Mì Gõ,6.7,Movies,https://www.youtube.com/channel/UCq6ApdQI0roaprMAY1gZTgw
Sony Pictures Entertainment,6.7,null,https://www.youtube.com/channel/UCz97F7dMxBNOfGYu3rx8aCw
SlenderMan™,6.7,Animation,https://www.youtube.com/channel/UCtr3boXbtzcDAzY9b6M25NA
FitnessBlender,6.6,Fitness,https://www.youtube.com/channel/UCiP6wD_tYlYLYh3agzbByWQ
Sáo TV - Children's Music,6.6,Music & Dance,https://www.youtube.com/channel/UCChgz-3siL4W3V9FW2sWEHQ
SBS Drama,6.6,Music & Dance,https://www.youtube.com/channel/UC6erIDuvbOaAO-OT5rB2Xew
Life of Sammie & Summer,6.6,null,https://www.youtube.com/channel/UCI8FQkQ-Iv73GZcsJ-6pNWw
SypherPK,6.6,Video games,https://www.youtube.com/channel/UC_q5WZtFp36adwqhKpZzxwQ
Dangie Bros,6.6,Video games,https://www.youtube.com/channel/UC495kynFX55dE0iorwV3RKQ
YNW Melly,6.6,Music & Dance,https://www.youtube.com/channel/UCelvBrvTHaZL_V6WuMkJDxQ
Cooking With Lynja,6.6,null,https://www.youtube.com/channel/UCjvGPQTRr2eIEhthL5y31VQ
FilmPop,6.5,null,https://www.youtube.com/channel/UCwv1UIJrDfK3ea5MD57MF4g
Lance Stewart,6.5,Humor,https://www.youtube.com/channel/UC6-NBhOCP8DJqnpZE4TNE-A
Triple Charm,6.5,Music & Dance,https://www.youtube.com/channel/UCVVMMNVUwHbxljqi-xZ-jig
PAS Magic,6.5,Animation,https://www.youtube.com/channel/UC3xjWr5aCjxbjg1JYxmeyRQ
motivationaldoc,6.5,Health & Self Help,https://www.youtube.com/channel/UCKcWSiffY8MpZ3NKav8LeRA
Devon Rodriguez,6.5,Daily vlogs,https://www.youtube.com/channel/UCO-KlzrUGhZACLpcBWfQ-2g
Su Hao,6.5,null,https://www.youtube.com/channel/UCMMvwLa0iHtOhIGAb9O_DKA
camman18,6.5,null,https://www.youtube.com/channel/UCiZ2z8F8ilr6SC7lOaxAQ4g
DashieGames,6.5,Animation,https://www.youtube.com/channel/UCERUmrDh9hmqEXBsnYFNTIA
SpaceX,6.5,News & Politics,https://www.youtube.com/channel/UCtI0Hodo5o5dUb67FeUjDeA
Kitchen Nightmares,6.5,Food & Drinks,https://www.youtube.com/channel/UCUZzyuAlhHNP3oiuMjn7RfQ
Rasmey Hang Meas,6.5,Music & Dance,https://www.youtube.com/channel/UCHwYHdX37UUt6d9e1wAp9Bw
The Beverly Halls,6.5,null,https://www.youtube.com/channel/UCJl0idSupgyRNT9uKfS9bxA
TG Plays,6.4,Video games,https://www.youtube.com/channel/UCqVCSWnuOSPm26orvNDTuWQ
5 분 Tricks,6.4,null,https://www.youtube.com/channel/UC03jtg6Imz882ZCPnB7bZ0w
ANTV - Truyền hình Công an Nhân dân,6.4,News & Politics,https://www.youtube.com/channel/UCIg56SgvoZF8Qg0Jx_gh6Pg
ONE Championship,6.4,Sports,https://www.youtube.com/channel/UCiormkBf3jm6mfb7k0yPbKA
Boom Slime,6.4,Daily vlogs,https://www.youtube.com/channel/UCr-lBWA_uyrXhWLiN_Rq1-A
dayta,6.4,null,https://www.youtube.com/channel/UC_WyXJkQH4ZytSn3EufdHNA
tlc uk,6.4,null,https://www.youtube.com/channel/UC2vlpX8sNDBmPcY_1_QSGJg
Ayo & Teo,6.4,Music & Dance,https://www.youtube.com/channel/UCB_Mdi3acqKLRR8zKFkqKoA
Russell Brand,6.4,News & Politics,https://www.youtube.com/channel/UCswH8ovgUp5Bdg-0_JTYFNw
Lena Slime,6.4,Daily vlogs,https://www.youtube.com/channel/UCTM-p_LO8fsbLRMFqitWqBA
NhacPro Tube,6.4,Music & Dance,https://www.youtube.com/channel/UCBZjBKNMZoFih4ubdiIDWLw
Bon Appétit,6.3,Food & Drinks,https://www.youtube.com/channel/UCbpMy0Fg74eXXkvxJrtEn3w
Primitive Survival Tool,6.3,Daily vlogs,https://www.youtube.com/channel/UC6vasuRFx3t3NTISG6iwUeA
America's Funniest Home Videos,6.3,null,https://www.youtube.com/channel/UC_zEzzq54Rm0iy7lmmZbCIg
Alicia Keys,6.3,null,https://www.youtube.com/channel/UCK5X3f0fxO4YnVKVZP8p6hg
Green Day,6.3,Music & Dance,https://www.youtube.com/channel/UCqC_GY2ZiENFz2pwL0cSfAw
The Rock,6.3,Sports,https://www.youtube.com/channel/UCBdw4dLCLLHmTgAOnW4V0hQ
Brandon Rogers,6.3,Animation,https://www.youtube.com/channel/UCywhnhPP3dAw7huG_y0hdEg
Nucleus Medical Media,6.3,Animation,https://www.youtube.com/channel/UC85VW73bQLEjs_taFKP7TwQ
Philip DeFranco,6.3,News & Politics,https://www.youtube.com/channel/UClFSU9_bUb4Rc6OYfTt5SPw
Cool Tool,6.3,null,https://www.youtube.com/channel/UCTrOpeOhIAQVCyAh05DkHXQ
Jazza,6.3,Design/art,https://www.youtube.com/channel/UCHu2KNu6TtJ0p4hpSW7Yv7Q
Bionic,6.3,Video games,https://www.youtube.com/channel/UCETZ7OiW7-wqwb-6hsz3C4w
Donald Glover,6.3,Music & Dance,https://www.youtube.com/channel/UC20LoHy2mX0LQODrkUalxVQ
Brawadis,6.3,Video games,https://www.youtube.com/channel/UCvtRTOMP2TqYqu51xNrqAzg
steveo,6.3,Movies,https://www.youtube.com/channel/UCt54Hzhj7RpCWOYpoFJLKAQ
Coby Persin,6.3,Animation,https://www.youtube.com/channel/UC-DUrA-h7-s_C57ECJ1BFPA
Trav and Cor,6.3,Humor,https://www.youtube.com/channel/UCfFsZu7Ed20xKDOmzdpF3EQ
Desiigner LOD,6.3,Music & Dance,https://www.youtube.com/channel/UCAfvFXvjzEupwo2NtyDhRZA
Sr Pelo,6.3,Animation,https://www.youtube.com/channel/UCt-GOpCw4dOBlIyqL9A1ztA
MISTHY TV,6.3,Music & Dance,https://www.youtube.com/channel/UCctVE0w6y1AAwx7ueaN7bhg
RDCworld1,6.3,Movies,https://www.youtube.com/channel/UC4G10tk3AHFuyMIuD3rHOBA
devinsupertramp,6.2,Movies,https://www.youtube.com/channel/UCwgURKfUA7e0Z7_qE3TvBFQ
Yellow Brick Cinema - Relaxing Music,6.2,Music & Dance,https://www.youtube.com/channel/UCwobzUc3z-0PrFpoRxNszXQ
Maangchi,6.2,Food & Drinks,https://www.youtube.com/channel/UC8gFadPgK2r1ndqLI04Xvvw
Adam Savage’s Tested,6.2,Design/art,https://www.youtube.com/channel/UCiDJtJKMICpb9B1qf7qjEOA
Jester,6.2,Movies,https://www.youtube.com/channel/UCKIL4dMp2qbWElEEZHK-aug
TheFatRat,6.2,Music & Dance,https://www.youtube.com/channel/UCa_UMppcMsHIzb5LDx1u9zQ
Gabriel Iglesias,6.2,Movies,https://www.youtube.com/channel/UCUxc0iEpV8wZV4WLOui0RwQ
Dr. Phil,6.2,Movies,https://www.youtube.com/channel/UCYLR1ghzYNyvfjw78raCuxA
NLE CHOPPA,6.2,Music & Dance,https://www.youtube.com/channel/UCWICXNlSLc7eeNazpzUZcLg
Charisma on Command,6.2,Movies,https://www.youtube.com/channel/UCU_W0oE_ock8bWKjALiGs8Q
Mr. Nightmare,6.2,ASMR,https://www.youtube.com/channel/UCnM02drQP-dF7WMgtJHR4Xw
SeanDoesMagic,6.2,Animation,https://www.youtube.com/channel/UC3IjgjgWtpLTCrR0shGXKVg
Prince Ea,6.2,null,https://www.youtube.com/channel/UCDgUAAHgsV2fFZQm2fIWBnA
WOA Doll Crafts,6.2,null,https://www.youtube.com/channel/UCFLHD_brc3GX49iZ9UOzrxQ
TheDooo,6.2,Animation,https://www.youtube.com/channel/UCPKgIhTC3BdkAwMw6s-GEug
Zedd,6.2,Music & Dance,https://www.youtube.com/channel/UCPNokRZ9hacjIQ3IQL6HNUQ
merrelltwins,6.2,Humor,https://www.youtube.com/channel/UCwtnkRZcvL4bfopzJ-Von8Q
Great Big Story,6.2,Daily vlogs,https://www.youtube.com/channel/UCajXeitgFL-rb5-gXI-aG8Q
Skeppy,6.2,Animation,https://www.youtube.com/channel/UCzMjRlKVO9XIqH_crIFpi6w
The Organic Chemistry Tutor,6.2,Animation,https://www.youtube.com/channel/UCEWpbFLzoYGPfuWUMFPSaoA
Thuy Nga,6.2,Music & Dance,https://www.youtube.com/channel/UC7nMrW3baKp0dA5Tz9ulVYQ
BENOFTHEWEEK,6.2,Humor,https://www.youtube.com/channel/UC_UnVDztkvE1hw064XFTNSQ
Milad Mirg,6.1,Food & Drinks,https://www.youtube.com/channel/UCWLu3q9FEmPPYKcUAxKZb2A
Entertainment Tonight,6.1,Music & Dance,https://www.youtube.com/channel/UCdtXPiqI2cLorKaPrfpKc4g
Chills,6.1,Movies,https://www.youtube.com/channel/UCN64HIrZNqFQYZ2BuyY-4zg
Matt Larose,6.1,null,https://www.youtube.com/channel/UCATWUurs5SImDMX_prUtxng
Ivanita Lomeli,6.1,Animation,https://www.youtube.com/channel/UCkNMthZPrgH-uaeklZzUSiw
FaZe Apex,6.1,Animation,https://www.youtube.com/channel/UCa7507M549AiDKN8J89tn5A
Life with Brothers,6.1,Toys,https://www.youtube.com/channel/UC66qTRH20AvahadBgw5YYyQ
LankyBox World,6.1,Video games,https://www.youtube.com/channel/UC-UXd3xaj1I_yTvufcMdDAA
Corridor Crew,6.1,Movies,https://www.youtube.com/channel/UCSpFnDQr88xCZ80N-X7t0nQ
CGMeetup,6.1,Music & Dance,https://www.youtube.com/channel/UCrSvhrtUgpZT3EU0x1Zoy-w
Carli Bybel,6.1,Fashion,https://www.youtube.com/channel/UC21yq4sq8uxTcfgIxxyE9VQ
Tannerites,6.1,Animation,https://www.youtube.com/channel/UCUvEpOhD1BYa6J2dPZbEtTw
Matthew Santoro,6.1,News & Politics,https://www.youtube.com/channel/UCXhSCMRRPyxSoyLSPFxK7VA
TikTokTunes,6.1,Music & Dance,https://www.youtube.com/channel/UC9EgazNjxm-_3eydGQR45rQ
Zon Zon,6.1,null,https://www.youtube.com/channel/UCnEs7qMIqq97t8x03UBW-Yw
Teachingmensfashion,6.1,Humor,https://www.youtube.com/channel/UChNN7VBxPTiNrqjUaQd9bxA
POPSUGAR Fitness,6.1,Fitness,https://www.youtube.com/channel/UCBINFWq52ShSgUFEoynfSwg
88rising,6.1,null,https://www.youtube.com/channel/UCZW5lIUz93q_aZIkJPAC0IQ
Complex,6.1,null,https://www.youtube.com/channel/UCE_--R1P5-kfBzHTca0dsnw
Danny Gonzalez,6.1,Movies,https://www.youtube.com/channel/UCSUf5_EPEfl4zlBKZHkZdmw
Jungle Survival,6.1,null,https://www.youtube.com/channel/UC4E1gPBh0_eJ5oftWVsewZA
Dead Meat,6.1,Movies,https://www.youtube.com/channel/UC2IYWWifoIht9T47z1Z5lJw
x2Twins,6,Animation,https://www.youtube.com/channel/UCTgQTM6B97Tk5FPNOWZMB1Q
DIEN QUAN Comedy / Hài,6,Humor,https://www.youtube.com/channel/UCwmurIyZ6FHyVPtKppe_2_A
Shot of The Yeagers,6,Movies,https://www.youtube.com/channel/UCXzblaNPtmDBc1QN01fSTzw
Jacob Colvin,6,Toys,https://www.youtube.com/channel/UCUw4K8hh4No3ks8wxfqj-uQ
J97,6,Music & Dance,https://www.youtube.com/channel/UChUJa1JyBc7Lc4orkiNKKQg
TheAtlanticCraft,6,Video games,https://www.youtube.com/channel/UC4f1zAG2BTkfOQV4_nFbpBQ
Architectural Digest,6,Design/art,https://www.youtube.com/channel/UC0k238zFx-Z8xFH0sxCrPJg
Univision,6,Music & Dance,https://www.youtube.com/channel/UCcEWv_J2SEU8XO2tEm4Phgw
Cody Ko,6,Animation,https://www.youtube.com/channel/UCfp86n--4JvqKbunwSI2lYQ
YouTube Creators,6,News & Politics,https://www.youtube.com/channel/UCkRfArvrzheW2E7b6SVT7vQ
RHINO,6,Music & Dance,https://www.youtube.com/channel/UCWEtnEiVwUy7mwFeshyAWLA
PONY Syndrome,6,null,https://www.youtube.com/channel/UCT-_4GqC-yLY1xtTHhwY0hA
Simon's Cat,6,Animals & Pets,https://www.youtube.com/channel/UCH6vXjt-BA7QHl0KnfL-7RQ
Official World of Dance,5.9,null,https://www.youtube.com/channel/UC8xib1EjaAbsstncxXSUNZg
Tom Scott,5.9,Education,https://www.youtube.com/channel/UCBa659QWEk1AI4Tg--mrJ2A
Silo Entertainment,5.9,Video games,https://www.youtube.com/channel/UCo8q1BVz59Yepk1QPGKLElA
PostmodernJukebox,5.9,Music & Dance,https://www.youtube.com/channel/UCORIeT1hk6tYBuntEXsguLg
StevenCrowder,5.9,News & Politics,https://www.youtube.com/channel/UCIveFvW-ARp_B_RckhweNJw
Daft Punk,5.9,Music & Dance,https://www.youtube.com/channel/UC_kRDKYrUlrbtrSiyu5Tflg
CGP Grey,5.9,Education,https://www.youtube.com/channel/UC2C_jShtL725hvbm1arSV9w
Peter McKinnon,5.9,Daily vlogs,https://www.youtube.com/channel/UC3DkFux8Iv-aYnTRWzwaiBA
MARKO,5.9,null,https://www.youtube.com/channel/UCBlbxksRa-KRSEKLi6foxjQ
Random Hands,5.8,null,https://www.youtube.com/channel/UCrI3dm4qgAEV67Jc6797WIA
Anthony & Ana,5.8,Humor,https://www.youtube.com/channel/UC9RfFnZa7EPPkxb3hX32rFA
Lifetime,5.8,Movies,https://www.youtube.com/channel/UCpYF_3dMxbTukeCG2GsgPbA
افلام كرتون كيدو,5.8,Animation,https://www.youtube.com/channel/UCEof7Z2iOP48t9a0HYoek7A
XpertThief,5.8,Video games,https://www.youtube.com/channel/UCDwujczvdxbbVHg-V4-kC-A
Braille Skateboarding,5.8,Video games,https://www.youtube.com/channel/UC9PgszLOAWhQC6orYejcJlw
Russ,5.8,Music & Dance,https://www.youtube.com/channel/UCiIETTq2It3OzW8_WYRPTyQ
Funny Club TV,5.8,null,https://www.youtube.com/channel/UCJquRn5s6Wl79JLpFtCz7Hw
백종원 PAIK JONG WON,5.8,Food & Drinks,https://www.youtube.com/channel/UCyn-K7rZLXjGl7VXGweIlcA
Yellow Blogger,5.8,Daily vlogs,https://www.youtube.com/channel/UCdAaI10sNoTH1RDyMPXL5IA
DIEN QUAN Entertainment / Giải Trí,5.8,null,https://www.youtube.com/channel/UCA3GtNtuKvcj6VrwZ5Gpx9g
Sand Tagious,5.7,null,https://www.youtube.com/channel/UCMlSf7BCzfdRsIGAIpCnrXA
Scammer Payback,5.7,Humor,https://www.youtube.com/channel/UCC9EjyMN_hx5NdctLBx5X7w
Megan Thee Stallion,5.7,Music & Dance,https://www.youtube.com/channel/UCKrdjiuS66yXOdEZ_cOD_TA
POPS Anime,5.7,Movies,https://www.youtube.com/channel/UCkgdDBHO7zl3tWIjldQeK7g
Avenged Sevenfold,5.7,Music & Dance,https://www.youtube.com/channel/UCFcqi7MrlzIp9RMTtUlxE8g
FamousTubeFamily,5.7,Movies,https://www.youtube.com/channel/UC9aDY1QGeUQI6vR7ikm0KrA
Adhemz,5.7,Music & Dance,https://www.youtube.com/channel/UCwKHygfd3opN04saX8qGRjQ
Anna McNulty,5.7,Fitness,https://www.youtube.com/channel/UCPIavfNa4DTfHXDBaFOHuKA
dope2111,5.7,Beauty,https://www.youtube.com/channel/UC_GvMVffgctSISDkeWlKhXQ
Fall Out Boy,5.7,Music & Dance,https://www.youtube.com/channel/UC2qWxZHgnlwDvcmLqP23jrA
Top5Gaming,5.7,Animation,https://www.youtube.com/channel/UCYn6CZe5UGIyPe9WJb0pTrg
Shiloh & Bros,5.7,Animation,https://www.youtube.com/channel/UCn3AViOfcFN4zIICMC5hvPg
SMii7Y,5.7,Animation,https://www.youtube.com/channel/UCzXwjTI6c6mVn6oui_p6oiw
123 GO! SCHOOL,5.7,Animation,https://www.youtube.com/channel/UC2sloW3tudsSaEpxiqd9hTQ
Bodybuilding.com,5.7,Fitness,https://www.youtube.com/channel/UC97k3hlbE-1rVN8y56zyEEA
A Plus School,5.7,null,https://www.youtube.com/channel/UCWQaDiVUXywva_9my1DTJ5A
Mully,5.7,Animation,https://www.youtube.com/channel/UC42vK81HwLY-udUEJYz7efg
MDMotivator,5.7,Movies,https://www.youtube.com/channel/UCV60-YzrBdQBKHxvgeu9sIw
Denitslava Makeup,5.7,Beauty,https://www.youtube.com/channel/UCXoY0ZeHZBe0p-ByCiYP_XQ
Looper,5.7,Movies,https://www.youtube.com/channel/UCP1iRaFlS5EYjJBryFV9JPw
Kyoot,5.7,Movies,https://www.youtube.com/channel/UCI8V0wOaigGdBpv5uk7DxxQ
JOOGSQUAD PPJT,5.6,null,https://www.youtube.com/channel/UCytZlLB3uBn2XFfXlN25zPg
Mindy McKnight,5.6,Daily vlogs,https://www.youtube.com/channel/UC2LgZ_4GzSFQS-3a87_Jc6w
OWN,5.6,Humor,https://www.youtube.com/channel/UCKBnlTTgEnhIXv_c4LvvyMQ
TRẤN THÀNH TOWN,5.6,Music & Dance,https://www.youtube.com/channel/UCqL0-EknCK4m5pHrH79fOcw
Ben Shapiro,5.6,News & Politics,https://www.youtube.com/channel/UCnQC_G5Xsjhp9fEJKuIcrSw
MSNBC,5.6,News & Politics,https://www.youtube.com/channel/UCaXkIU1QidjPwiAYu6GcHjg
Scotty Kilmer,5.6,Autos & Vehicles,https://www.youtube.com/channel/UCuxpxCCevIlF-k-K5YU8XPA
Joyner Lucas,5.6,Music & Dance,https://www.youtube.com/channel/UCUebubwSuTHfHjWJI4gCS9A
TheBackyardScientist,5.6,DIY & Life Hacks,https://www.youtube.com/channel/UC06E4Y_-ybJgBUMtXx8uNNw
ElectroBOOM,5.6,DIY & Life Hacks,https://www.youtube.com/channel/UCJ0-OtVpF0wOKEqT2Z1HEtA
Disney,5.6,null,https://www.youtube.com/channel/UC_5niPa-d35gg88HaS7RrIw
MondoMedia,5.6,null,https://www.youtube.com/channel/UCxLpKibphYqXrXpxAnR8MfA
Tom Simons,5.6,Video games,https://www.youtube.com/channel/UCJdxdc4MqvZRD9oFYoCl7wQ
영국남자 Korean Englishman,5.6,Food & Drinks,https://www.youtube.com/channel/UCg-p3lQIqmhh7gHpyaOmOiQ
Ozzy Man Reviews,5.6,Movies,https://www.youtube.com/channel/UCeE3lj6pLX_gCd0Yvns517Q
Xiaomanyc 小马在纽约,5.6,Movies,https://www.youtube.com/channel/UCLNoXf8gq6vhwsrYp-l0J-Q
A for Adley - Learning & Fun,5.6,Toys,https://www.youtube.com/channel/UCBJuxfqZuiibvcwSc8ViGsQ
Kyle Exum,5.5,Movies,https://www.youtube.com/channel/UCR9NuNwCUIhMOLUQnLN7_WA
Unique Vibes,5.5,Music & Dance,https://www.youtube.com/channel/UCn7Z0uhzGS1KjnO-sWml_dw
Top 5 Best,5.5,Education,https://www.youtube.com/channel/UCmvqviNx70U0l4ZcvUAXxhA
Okanutie,5.5,null,https://www.youtube.com/channel/UCnGdRTo6HhVtrbpe2EQgDNA
ZHC Crafts,5.5,null,https://www.youtube.com/channel/UCPAk4rqVIwg1NCXh61VJxbg
Big Think,5.5,Science & Technology,https://www.youtube.com/channel/UCvQECJukTDE2i6aCoMnS-Vg
MeatCanyon,5.5,Movies,https://www.youtube.com/channel/UC91V6D3nkhP89wUb9f_h17g
Hoonigan,5.5,Autos & Vehicles,https://www.youtube.com/channel/UCXlfi8sf6cKGQ8sOd0-yRuw
briQle,5.5,null,https://www.youtube.com/channel/UCrT0Q_oAAv5xbHB8LrUwz_g
Bob Ross,5.5,Design/art,https://www.youtube.com/channel/UCxcnsr1R5Ge_fbTu5ajt8DQ
Jaze Cinema,5.5,null,https://www.youtube.com/channel/UC3oPy4QGH5q9txrra13FjgQ
JABBAWOCKEEZ OFFICIAL,5.5,null,https://www.youtube.com/channel/UCbdkuPpLhaMO8-ASIULFFaA
JeromeASF,5.5,Video games,https://www.youtube.com/channel/UCrYnLkVfvVf0Qy0YOUQdk2A
djvlad,5.5,Movies,https://www.youtube.com/channel/UCg7lal8IC-xPyKfgH4rdUcA
Animal Planet,5.5,null,https://www.youtube.com/channel/UCkEBDbzLyH-LbB2FgMoSMaQ
Cimorelli,5.5,Music & Dance,https://www.youtube.com/channel/UCTKDB3h5zMdf_2siDHsd_yw
Gravity Transformation - Fat Loss Experts,5.5,Health & Self Help,https://www.youtube.com/channel/UC0CRYvGlWGlsGxBNgvkUbAg
Ciara,5.5,Music & Dance,https://www.youtube.com/channel/UClc5Eis2-L2JCcN62jmD21w
Shangerdanger,5.4,Mystery,https://www.youtube.com/channel/UCk2s_j0cbkWy7bXRV3NLfZQ
GameGrumps,5.4,Animation,https://www.youtube.com/channel/UC9CuvdOVfMPvKCiwdGKL3cQ
Brandon B,5.4,null,https://www.youtube.com/channel/UCUnmH8N8k4E7y3dKfCzDKKg
Trend Spot,5.4,Video games,https://www.youtube.com/channel/UCjXFBw5ysBps77hpjGd81dQ
Still Watching Netflix,5.4,Movies,https://www.youtube.com/channel/UCGie8GMlUo3kBKIopdvumVQ
TheOfficialLoganPaul,5.4,Movies,https://www.youtube.com/channel/UCbwMZHCMpBiOWfYLBOH-9Qw
JoBlo Movie Clips,5.4,Movies,https://www.youtube.com/channel/UC6LDwTYRfjQwkakw5R95OyA
Fitz,5.4,Animation,https://www.youtube.com/channel/UCtb8P4rf_1n8KS8eZk_lNNw
Jonni Valentayn,5.4,Animals & Pets,https://www.youtube.com/channel/UCTwTF-woRHsXsmk4m798BkA
Jeremy Ethier,5.4,Fitness,https://www.youtube.com/channel/UCERm5yFZ1SptUEU4wZ2vJvw
Onevilage,5.4,null,https://www.youtube.com/channel/UCdVcQc_gdaXhlFx3UvG8pjA
ShuffleGamer,5.4,null,https://www.youtube.com/channel/UCI2hA8WukW-Q90aabtm3Hbw
Institute of Human Anatomy,5.4,Science & Technology,https://www.youtube.com/channel/UCgBg0aacyJnw4qUnb1FlfEQ
Discovery,5.4,null,https://www.youtube.com/channel/UCqOoboPm3uhY_YXhvhmL-WA
Boxoffice ANIMATION ☆ Movie Scenes,5.4,Movies,https://www.youtube.com/channel/UCzNWVDZQ55bjq8uILZ7_wyQ
Awesome Restorations,5.4,DIY & Life Hacks,https://www.youtube.com/channel/UCsCCifMby57qV_UmrYGladQ
The Young Turks,5.4,News & Politics,https://www.youtube.com/channel/UC1yBKRuGpC1tSM73A0ZjYjQ
Tana Mongeau,5.4,Music & Dance,https://www.youtube.com/channel/UClWD8su9Sk6GzZDwy9zs3_w
BuzzFeed Unsolved Network,5.4,Movies,https://www.youtube.com/channel/UCKijjvu6bN1c-ZHVwR7-5WA
Austin Evans,5.4,Design/art,https://www.youtube.com/channel/UCXGgrKt94gR6lmN4aN3mYTg
Oliver Tree,5.3,Music & Dance,https://www.youtube.com/channel/UCHcb3FQivl6xCRcHC2zjdkQ
Ridddle,5.3,Science & Technology,https://www.youtube.com/channel/UC9Ep0Y4T5rvUuIfjKN1wqTw
Popcorn,5.3,null,https://www.youtube.com/channel/UCVjh0oZ3Ug5-s3WX1awxblQ
JunsKitchen,5.3,Food & Drinks,https://www.youtube.com/channel/UCRxAgfYexGLlu1WHGIMUDqw
Breakfast Club Power 105.1 FM,5.3,Movies,https://www.youtube.com/channel/UChi08h4577eFsNXGd3sxYhw
French Montana,5.3,Music & Dance,https://www.youtube.com/channel/UC-4mIX9ls8ROVk9ApfeYf5w
Yo Mama,5.3,Animation,https://www.youtube.com/channel/UCBMvWaA97BAegvJ_Hz6Vwuw
FilmSpot Trailer,5.3,Movies,https://www.youtube.com/channel/UCWOSgEKGpS5C026lY4Y4KGw
Poke,5.3,Video games,https://www.youtube.com/channel/UC8qNcrcCOpYIsWWwkX9mDGQ
Gucci Mane,5.3,Music & Dance,https://www.youtube.com/channel/UCSugZEYrWbzqIWGD195V-YA
Chim Xinh channel,5.3,DIY & Life Hacks,https://www.youtube.com/channel/UCfbLbMIfoy4Oq8Sj5HNzY7Q
packattack04082,5.3,Toys,https://www.youtube.com/channel/UCg_j7kndWLFZEg4yCqUWPCA
BriannaPlayz,5.3,Animation,https://www.youtube.com/channel/UCAtWPQw_rUROGGjEPSFboIA
The Official Pokémon YouTube channel,5.3,null,https://www.youtube.com/channel/UCFctpiB_Hnlk3ejWfHqSm6Q
Mythic,5.3,null,https://www.youtube.com/channel/UCAgNyzHvQllkZw4J3WJQd_A
TOY PLANET - Hành tinh đồ chơi,5.3,Toys,https://www.youtube.com/channel/UCm3WWxht28Rv8VvR-k-BYLw
HiHo Kids,5.3,Food & Drinks,https://www.youtube.com/channel/UCqa2MPu8bLY1PwVFUpSyVhQ
GameSpot,5.3,Movies,https://www.youtube.com/channel/UCbu2SsF-Or3Rsn3NxqODImw
DEATH BATTLE!,5.2,null,https://www.youtube.com/channel/UCB9_VH_CNbbH4GfKu8qh63w
Jonas Brothers,5.2,Music & Dance,https://www.youtube.com/channel/UCFvXnyAhluG3sa6p3eOs_LA
Shark,5.2,Video games,https://www.youtube.com/channel/UCQVwQQvz8O_0aeFDBVcdhpg
LA LA SCHOOL,5.2,Animation,https://www.youtube.com/channel/UC_np0YZuvNMIJceE6jHeggQ
Glitch,5.2,Animation,https://www.youtube.com/channel/UCicx_4RfqfiM07AXLv09Hww
Phim HOT TK-L,5.2,Music & Dance,https://www.youtube.com/channel/UCtsrmo89ctjbtENanK40yTQ
Chuns Chuns,5.2,null,https://www.youtube.com/channel/UCjDoYIFCtvlSBLAu74x02rQ
ZackScottGames,5.2,Video games,https://www.youtube.com/channel/UCzNhowpzT4AwyIW7Unk_B5Q
xNestorio,5.2,Video games,https://www.youtube.com/channel/UCEuN0IauvXNTn6KhP9AVJVw
Chippy & Family,5.2,null,https://www.youtube.com/channel/UCAhCvfihfURg47Ai4NCIr3A
Hungry FAM,5.2,null,https://www.youtube.com/channel/UCxN5YtNlPzfMNvJHgWImTUg
Hope For Paws - Official Rescue Channel,5.2,Animals & Pets,https://www.youtube.com/channel/UCdu8QrpJd6rdHU9fHl8J01A
Brat TV,5.2,Movies,https://www.youtube.com/channel/UCdnJJrDUl-y_ryelLMslxkQ
NoahJ456,5.2,Video games,https://www.youtube.com/channel/UCP9tAErY_RlX4RFKssE4ogg
Jarvis,5.2,Video games,https://www.youtube.com/channel/UCvxfEIG3PHpgM0TMJJ_SH-w
TheDadLab,5.2,Education,https://www.youtube.com/channel/UCc_-hy0u9-oKlNdMKHBudcQ
FaZe Jev,5.2,Video games,https://www.youtube.com/channel/UC7trU46U_9XPDtMnDbiDPUQ
KEEMOKAZI,5.2,Animation,https://www.youtube.com/channel/UCMOLiZpKXp-w5CNfqJObQUw
Forge Labs,5.2,Video games,https://www.youtube.com/channel/UCiSVf-UpLC9rRjAT1qRTW0g
Thoughty2,5.2,Science & Technology,https://www.youtube.com/channel/UCRlICXvO4XR4HMeEB9JjDlA
Meditative Mind,5.2,Music & Dance,https://www.youtube.com/channel/UCM0YvsRfYfsniGAhjvYFOSA
Deestroying,5.1,Sports,https://www.youtube.com/channel/UC4mLlRa_dezwvytudo9s1sw
3Blue1Brown,5.1,Science & Technology,https://www.youtube.com/channel/UCYO_jab_esuFRV4b17AJtAw
LOL Network,5.1,null,https://www.youtube.com/channel/UCLRmIdRJgLfmdpJufmBhBuA
Daily Bumps,5.1,Daily vlogs,https://www.youtube.com/channel/UCyCyTe_1bT2aIPwG_gxbyeg
True Crime Daily,5.1,Movies,https://www.youtube.com/channel/UC69uYUqvx-vw4luuX7aHNLQ
Chris Smoove,5.1,Sports,https://www.youtube.com/channel/UCnzbVkknmqhRqUKg7RDTDeg
Roccibella,5.1,null,https://www.youtube.com/channel/UCznTrr5_Jhs8ryRHNo50fBQ
Tucker Budzyn,5.1,Animation,https://www.youtube.com/channel/UCNSzfesc7IgWZwg4n6uXr1A
TmarTn2,5.1,Video games,https://www.youtube.com/channel/UC36MGPfPwOWafAXauiV4LdA
The Kid LAROI.,5.1,Music & Dance,https://www.youtube.com/channel/UC6G2vAJrt407lwiynW116Eg
Let's Game It Out,5.1,Video games,https://www.youtube.com/channel/UCto7D1L-MiRoOziCXK9uT5Q
Hydraulic Press Channel,5.1,null,https://www.youtube.com/channel/UCcMDMoNu66_1Hwi5-MeiQgw
Gãy TV,5.1,Humor,https://www.youtube.com/channel/UCzLr0-nMvZ2Mc3XgA_2b6hw
Furious Pete,5.1,Food & Drinks,https://www.youtube.com/channel/UCspJ-h5Mw9_zeEhJDzMpkkA
JoshLilj,5.1,null,https://www.youtube.com/channel/UCOs9JQ5-_V6GM5ZnjKnx5Tw
Lexi Hensler,5,Video games,https://www.youtube.com/channel/UC-O9o5coq8iFSVthivq__tw
123 GO! FOOD,5,Food & Drinks,https://www.youtube.com/channel/UCHAahQqEGNM-Usc4FJTAVdw
Walk off the Earth,5,Music & Dance,https://www.youtube.com/channel/UC9PEibgWOqZ-1I1JdxRmr6g
Báo Thanh Niên,5,News & Politics,https://www.youtube.com/channel/UCIW9cGgoRuGJnky3K3tbzNg
Dax,5,Music & Dance,https://www.youtube.com/channel/UCvvVOIyaYu2l4jiH9L8_eRw
verbalase,5,Animation,https://www.youtube.com/channel/UCRyS4kYdsaGcuFczzCjFXag
The Fitness Marshall,5,null,https://www.youtube.com/channel/UCyqR7WkL8i1b6xtSssDmW9w
Lil Durk,5,Music & Dance,https://www.youtube.com/channel/UCaxOQZrF5llUMp-JjesUz1A
blndsundoll4mj,5,Food & Drinks,https://www.youtube.com/channel/UCF2oW5-MO8dB6ul9WH9xi0A
Rhett & Link,5,Humor,https://www.youtube.com/channel/UCbochVIwBCzJb9I2lLGXGjQ
MsMojo,5,Movies,https://www.youtube.com/channel/UC3rLoj87ctEHCcS7BuvIzkQ
BIBI TV,5,Toys,https://www.youtube.com/channel/UCFcBDfR_dtmllkpcoYH2Rmg
SVM SCHOOL,5,Movies,https://www.youtube.com/channel/UCuKacIDMVOgvu23EH5q_Hqw
Munchies,5,Food & Drinks,https://www.youtube.com/channel/UCaLfMkkHhSA_LaCta0BzyhQ
THVL Giải Trí,5,Music & Dance,https://www.youtube.com/channel/UCruaM4824Rr_ry7fsD5Jwag
Viva La Dirt League,5,Movies,https://www.youtube.com/channel/UCchBatdUMZoMfJ3rIzgV84g
Leah Ashe,5,Video games,https://www.youtube.com/channel/UCyQVt6PHgeW2kmh7mYJfGdQ
Stromedy,5,Animation,https://www.youtube.com/channel/UCZhUolzN9vMdkjWrnT9DQ2A
IULITMx,5,null,https://www.youtube.com/channel/UCQdgVr3dEAeUvDbhSHAw4Gg
Top 10s,5,Education,https://www.youtube.com/channel/UCRyIP2oznv4UPAl1jmKS5kA
Alec Benjamin,5,Music & Dance,https://www.youtube.com/channel/UCtWBCzqucZXq0M8jsqunM0g
Elevation Worship,5,Music & Dance,https://www.youtube.com/channel/UCSf-NCzjwcnXErUBW_qeFvA
TimTheTatman,4.9,Animation,https://www.youtube.com/channel/UCXBE_QQSZueB8082ml5fslg
JablinskiGames,4.9,null,https://www.youtube.com/channel/UCuriCa9loP_OsH75_5j8M5w
Jarrett Stod,4.9,null,https://www.youtube.com/channel/UC1pYFrBsRJnoSwQIQ2kbN6A
ICM Entertainment,4.9,Music & Dance,https://www.youtube.com/channel/UCaqULXPDXdu561DMeWFq5Fw
Sambucha,4.9,null,https://www.youtube.com/channel/UCWBWgCD4oAqT3hUeq40SCUw
Clay Mixer,4.9,null,https://www.youtube.com/channel/UCoaQyWkyU2juENnwone6uuQ
ConnorFranta,4.9,Daily vlogs,https://www.youtube.com/channel/UCudeRz9YntRrmKBSqnHyKGQ
Manny Mua,4.9,Beauty,https://www.youtube.com/channel/UCbO9bltbkYwa56nZFQx6XJg
Austin Mahone,4.9,Animation,https://www.youtube.com/channel/UC1sqAR9qukJuI5fCra6mP-A
SML,4.9,Movies,https://www.youtube.com/channel/UCnSWkrRWNQWNhDusoWr_HXQ
BasicallyIDoWrk,4.9,Video games,https://www.youtube.com/channel/UCbgtuRStKI_5ACSjubSTUPA
CBS News,4.9,News & Politics,https://www.youtube.com/channel/UC8p1vwvWtl6T73JiExfWs1g
ToRung,4.9,null,https://www.youtube.com/channel/UCXbYlU08sOTBktOtjVsvR6w
THVL Phim,4.9,Music & Dance,https://www.youtube.com/channel/UCrS7tv883mVqv07HKgVuwAA
Lui Calibre,4.9,Animation,https://www.youtube.com/channel/UCcWl6q7rcJ9WoF_Kwmxg23A
SwaggerSouls,4.9,Video games,https://www.youtube.com/channel/UCMdGPato0IC5-zZjJIf-P9w
KHƯƠNG DỪA CHANNEL,4.9,Animation,https://www.youtube.com/channel/UCF3zCyOModLIKG1C9mg4hsQ
La La Life,4.9,Movies,https://www.youtube.com/channel/UCvHhQJcsnDEoVMZWA5xnRZA
Jack Payne,4.9,Video games,https://www.youtube.com/channel/UCmbTQB6UFr2AbPs0g0FmruA
Kubz Scouts,4.9,Animation,https://www.youtube.com/channel/UCZBY6V8Lxmwu8gGRBOyO11w
Très drôle 2022,4.9,null,https://www.youtube.com/channel/UCFEmsxrCYo3Ad5yQcXc0cyQ
Oops Banana,4.9,Animation,https://www.youtube.com/channel/UCuygBqDmC3r93ABO6BUMj6A
How To Cook That,4.9,Food & Drinks,https://www.youtube.com/channel/UCsP7Bpw36J666Fct5M8u-ZA
Nguyễn Hương Ly Official,4.9,Music & Dance,https://www.youtube.com/channel/UC1wpPoxnjKs2oI4yXw7X9Ew
RodWave,4.9,Music & Dance,https://www.youtube.com/channel/UCenjunBhBhvKjfDAESnoppw
Red Arcade,4.9,Animation,https://www.youtube.com/channel/UCHZZo1h1cI1vg4I9g2RqOUQ
Gavin Magnus,4.9,Movies,https://www.youtube.com/channel/UCsDUx3IrrXQI0CbfKMxTCww
Dimucc,4.8,null,https://www.youtube.com/channel/UC9tYJpGCSkzDt4HkPC4BtkA
A Boogie Wit da Hoodie,4.8,Music & Dance,https://www.youtube.com/channel/UCfgsFOdVScKetBXYrFNr5LQ
Man + River,4.8,Mystery,https://www.youtube.com/channel/UCV-KFx9A6HD7gZ3FoMNzt7g
SBS TV동물농장x애니멀봐,4.8,Animation,https://www.youtube.com/channel/UC22go5LdQEw-iDuxFb4C0hw
FlightReacts,4.8,Sports,https://www.youtube.com/channel/UC_k0qgMNIW2VmTQKjFsbXDw
VTV24,4.8,News & Politics,https://www.youtube.com/channel/UCabsTV34JwALXKGMqHpvUiA
Avocado Couple Live,4.8,null,https://www.youtube.com/channel/UCK7sniX2iZCF4-raoTv-Gsw
Prestige Clips,4.8,Animation,https://www.youtube.com/channel/UCC-uu-OqgYEx52KYQ-nJLRw
Peachy,4.8,Video games,https://www.youtube.com/channel/UCO8fQqYM_EeHxiGYONWt-fg
Liên Quân Mobile eSports-Garena,4.8,null,https://www.youtube.com/channel/UCpnQwjzvDm1MOMtZV2zkVpA
Kindly Keyin,4.8,Video games,https://www.youtube.com/channel/UCaEFegr3Rcs430VZWEoNstw
AntsCanada,4.8,Animals & Pets,https://www.youtube.com/channel/UCONd1SNf3_QqjzjCVsURNuA
Be Smart,4.8,Science & Technology,https://www.youtube.com/channel/UCH4BNI0-FOK2dMXoFtViWHw
SHAYTARDS,4.8,Movies,https://www.youtube.com/channel/UCJZ7f6NQzGKZnFXzFW9y9UQ
HobbyFamilyTV,4.8,Animation,https://www.youtube.com/channel/UCc-2P5tCezbxegb7gxp6EXg
Troom Troom Vietnam,4.8,Music & Dance,https://www.youtube.com/channel/UC3ZOEebvMhGBRmVvEcvrYKQ
TheSeanWardShow,4.8,Animation,https://www.youtube.com/channel/UCEvLUnQiH-i1XUNikh0Zm4g
Logdotzip,4.8,Video games,https://www.youtube.com/channel/UC2D-GCxeE69hCUmRwISXABw
Twi Shorts,4.8,null,https://www.youtube.com/channel/UCGa9YJJiR-Jec5y10GQxEPg
Kiera Bridget,4.8,Animation,https://www.youtube.com/channel/UCXEtdPqObuH2rXix3_SGelQ
The Graham Norton Show,4.8,Movies,https://www.youtube.com/channel/UC4PziMH5MvvsmqM0VCZTy-g
JayPrehistoricPets,4.8,null,https://www.youtube.com/channel/UCxmpUZtj2j93UuFALWE1q4w
Live Speedy,4.8,null,https://www.youtube.com/channel/UC2bW_AY9BlbYLGJSXAbjS4Q
BeckBroJack,4.8,Video games,https://www.youtube.com/channel/UC_cvTMeip9po2hZdF3aBXrA
jacksfilms,4.8,Movies,https://www.youtube.com/channel/UCPcFg7aBbaVzXoIKSNqwaww
CalebCity,4.8,Movies,https://www.youtube.com/channel/UCI1XS_GkLGDOgf8YLaaXNRA
Timeline - World History Documentaries,4.8,Education,https://www.youtube.com/channel/UC88lvyJe7aHZmcvzvubDFRg
Epicurious,4.7,Food & Drinks,https://www.youtube.com/channel/UCcjhYlL1WRBjKaJsMH_h7Lg
매일맛나 delicious day,4.7,Food & Drinks,https://www.youtube.com/channel/UCFiYPUhUzLKoi-cZ0AwpjLA
NOVRITSCH,4.7,Animation,https://www.youtube.com/channel/UCAN9EtZF6VbQDUUz6OiUxqA
Letupita725HD★,4.7,null,https://www.youtube.com/channel/UC1AEadAUKi6Zt-G3PatrU-Q
Adrian Bliss,4.7,null,https://www.youtube.com/channel/UChYARX5Yj8CapM-F2Z2vPxA
Sapnap,4.7,Video games,https://www.youtube.com/channel/UCqynl7rdtktKMQESdSBmE-g
Imbrandonfarris,4.7,Humor,https://www.youtube.com/channel/UC3v6sjWuPxtW36jQ-if4OuA
Dylan Lemay,4.7,null,https://www.youtube.com/channel/UCWiXzvPDb5YqG7W0mr2TmlA
"Tyler, The Creator",4.7,Music & Dance,https://www.youtube.com/channel/UCsQBsZJltmLzlsJNG7HevBg
Frog Leap Studios,4.7,Music & Dance,https://www.youtube.com/channel/UC98tcedR6gULv8_b70WJKyw
Serum,4.7,Movies,https://www.youtube.com/channel/UCfRt399Q6kNLxS4YC8Xf8dw
HigaTV,4.7,Video games,https://www.youtube.com/channel/UCqNe2Mqtv5sNidn5hAAEfiQ
Meg DeAngelis,4.7,null,https://www.youtube.com/channel/UCJi_befq0YDYJ9fCeyHxJbg
Alexis Tejada,4.7,Health & Self Help,https://www.youtube.com/channel/UC-2PGzzS1Ggq_cvZan_hqpA
Gibi ASMR,4.7,ASMR,https://www.youtube.com/channel/UCE6acMV3m35znLcf0JGNn7Q
Nat Geo WILD,4.7,Animals & Pets,https://www.youtube.com/channel/UCDPk9MG2RexnOMGTD-YnSnA
Mini Ladd,4.7,Video games,https://www.youtube.com/channel/UCQCnMFr8uHBaMTaNBhych_A
Adam Saleh Vlogs,4.7,Humor,https://www.youtube.com/channel/UC-fouMSM9Zot3x8Hw2_Y5yw
TheAngryGrandpaShow,4.7,Animation,https://www.youtube.com/channel/UCPFVhmjjSkFhfstm2LghZIg
Bob & Brad,4.7,Fitness,https://www.youtube.com/channel/UCmTe0LsfEbpkDpgrxKAWbRA
TV24h,4.7,News & Politics,https://www.youtube.com/channel/UCUmRGR3a-g13O6pG927KQmg
DW Documentary,4.7,News & Politics,https://www.youtube.com/channel/UCW39zufHfsuGgpLviKh297Q
Teen-Z,4.7,null,https://www.youtube.com/channel/UCgJMDt2yFAtWAKOIqwihLlw
The Icing Artist,4.7,Animation,https://www.youtube.com/channel/UC500_29hTGKAj6GBmSoMiBw
Gãy Media,4.7,Animation,https://www.youtube.com/channel/UCTp_WPPxWCjdlXK9kqzxm0A
Top Talent,4.7,null,https://www.youtube.com/channel/UCD2GdZBCsUa0TIssLai6Skw
Moto Madness,4.6,Animation,https://www.youtube.com/channel/UC5nVgiv6elz5GnS6MTr1tVA
CinnamonToastKen,4.6,Humor,https://www.youtube.com/channel/UCepq9z9ovYGxhNrvf6VMSjg
Glamour,4.6,null,https://www.youtube.com/channel/UCY9eEaH19ulZmdusctU1ejA
The Bentist,4.6,null,https://www.youtube.com/channel/UCoaI5is-bILT3XVctKl5hpA
Doug DeMuro,4.6,Autos & Vehicles,https://www.youtube.com/channel/UCsqjHFMB_JYTaEnf_vmTNqg
123 GO Like!,4.6,Humor,https://www.youtube.com/channel/UCu_ytbeyzLZfIKWr43QSb5A
Law&Crime Network,4.6,News & Politics,https://www.youtube.com/channel/UCz8K1occVvDTYDfFo7N5EZw
Super Toons TV,4.6,Movies,https://www.youtube.com/channel/UCL4xLe_SjcDccfpVeSRFGYQ
The Furrha Family,4.6,null,https://www.youtube.com/channel/UCoVhZLxKJXXUmaLdox2zrVQ
Soft White Underbelly,4.6,Animation,https://www.youtube.com/channel/UCCvcd0FYi58LwyTQP9LITpA
Sketch,4.6,Animation,https://www.youtube.com/channel/UCfw6CRDOg5xQsB-2QNC_KUA
Laura Lee,4.6,Fashion,https://www.youtube.com/channel/UCKMugoa0uHpjUuq14yOpagw
One Voice Children's Choir,4.6,Music & Dance,https://www.youtube.com/channel/UCRa07c47CSfHHC7DbXMgbuQ
IMPACT Wrestling,4.6,Sports,https://www.youtube.com/channel/UCOp8wkVqdrWbFYHjDv946QQ
Insider Food,4.6,Food & Drinks,https://www.youtube.com/channel/UCwiTOchWeKjrJZw7S1H__1g
Bethel Music,4.6,Music & Dance,https://www.youtube.com/channel/UCbertc-gMbkkHuSmg0qwnxw
Key & Peele,4.6,Movies,https://www.youtube.com/channel/UCdN4aXTrHAtfgbVG9HjBmxQ
All Def,4.6,Movies,https://www.youtube.com/channel/UC0vRcJh1-GQL_V4qm5F6xFw
storybooth,4.6,Animation,https://www.youtube.com/channel/UCWENB1OaGA9402PKzEVl0ow
onlyjayus,4.6,null,https://www.youtube.com/channel/UC4wOd-OGys-RKbv9FYFGRvA
Doctor Youn,4.6,Education,https://www.youtube.com/channel/UC9HQXWbt14wTdr_Tzc8ZE0A
No Jumper,4.6,Humor,https://www.youtube.com/channel/UCNNTZgxNQuBrhbO0VrG8woA
GloZell Green,4.6,null,https://www.youtube.com/channel/UC7FhOuPmxz8spz_xvJf_xow
Formula,4.6,Video games,https://www.youtube.com/channel/UCvEJMJaCbuq4a6_I-Rixc0Q
KYLE HANAGAMI,4.6,Music & Dance,https://www.youtube.com/channel/UCGzGbfhdFsjP1yfJUEpSvWg
Joe Porter,4.6,Music & Dance,https://www.youtube.com/channel/UCnvzajWXCAOAq_Y1jNLFQXg
Hyram,4.6,Beauty,https://www.youtube.com/channel/UC2sYit3cZ2CuD_8FHYH7O_Q
Discovery UK,4.6,null,https://www.youtube.com/channel/UC9cGX5x0_EXkdfmWlvPbu3g
20th Century Studios,4.6,null,https://www.youtube.com/channel/UC2-BeLxzUBSs0uSrmzWhJuQ
DW News,4.6,News & Politics,https://www.youtube.com/channel/UCknLrEdhRCp1aegoMqRaCZg
Edwin Sarkissian,4.6,Video games,https://www.youtube.com/channel/UCIOGCEG14rj9GpIFhszkWoQ
"Dad, how do I?",4.6,null,https://www.youtube.com/channel/UCNepEAWZH0TBu7dkxIbluDw
Andymation,4.5,Animation,https://www.youtube.com/channel/UCJbg_yirB5vm9VKn5yLGCKw
DIEN QUAN Film,4.5,Animation,https://www.youtube.com/channel/UCQ6deCckW6dU4rSku7_cjrg
CHRIS HERIA,4.5,Fitness,https://www.youtube.com/channel/UCaBqRxHEMomgFU-AkSfodCw
The Food Theorists,4.5,Food & Drinks,https://www.youtube.com/channel/UCHYoe8kQ-7Gn9ASOlmI0k6Q
YBS Youngbloods,4.5,DIY & Life Hacks,https://www.youtube.com/channel/UCSnwORddxZG1SyB8lSxWQGg
The McFive Circus,4.5,null,https://www.youtube.com/channel/UCkLebsCaMfjDkWSKctBH0Hw
Vsauce2,4.5,Science & Technology,https://www.youtube.com/channel/UCqmugCqELzhIMNYnsjScXXw
PoliceActivity,4.5,Education,https://www.youtube.com/channel/UCXMYxKMh3prxnM_4kYZuB3g
Bestie,4.5,Health & Self Help,https://www.youtube.com/channel/UCT9CHbGeQlJvl3HAZok_DMA
Royalty Gaming,4.5,Video games,https://www.youtube.com/channel/UCemhZ2At2lgifTJLClGCz9A
Memeulous,4.5,Animation,https://www.youtube.com/channel/UC1o6smXb21IK3HV0yUcOFNg
Luke TheNotable,4.5,Video games,https://www.youtube.com/channel/UC9FkeEFIGd9FXRfxpTltXYA
Ludwig,4.5,Video games,https://www.youtube.com/channel/UCrPseYLGpNygVi34QpGNqpA
Science Channel,4.5,Science & Technology,https://www.youtube.com/channel/UCvJiYiBUbw4tmpRSZT2r1Hw
MindofRez,4.5,Video games,https://www.youtube.com/channel/UCQCjPX6e8jI3ukAS-FijXjw
Myth,4.5,Animation,https://www.youtube.com/channel/UCvQczq3aHiHRBGEx-BKdrcg
Late Night with Seth Meyers,4.5,Movies,https://www.youtube.com/channel/UCVTyTA7-g9nopHeHbeuvpRA
Christen Dominique,4.5,Beauty,https://www.youtube.com/channel/UCXTAdFsBmxNK3_c8MUvSviQ
ColdFusion,4.5,News & Politics,https://www.youtube.com/channel/UC4QZ_LsYcvcq7qOsOhpAX4A
The Fishfam,4.5,Music & Dance,https://www.youtube.com/channel/UCJTyunmsBLj20wyguh6uMig
Phim Hay Điện Ảnh,4.5,Animation,https://www.youtube.com/channel/UClfwS2zHXYQCzwGfp-Fiw6A
Good Morning America,4.5,News & Politics,https://www.youtube.com/channel/UCH1oRy1dINbMVp3UFWrKP0w
IMPAULSIVE,4.5,Humor,https://www.youtube.com/channel/UCGeBogGDZ9W3dsGx-mWQGJA
Trend Central,4.5,Daily vlogs,https://www.youtube.com/channel/UCOj9WICwHqV_smQj-ucj1AA
ONE Media,4.5,Movies,https://www.youtube.com/channel/UCzcRQ3vRNr6fJ1A9rqFn7QA
Max the Meat Guy,4.5,Food & Drinks,https://www.youtube.com/channel/UC_pT_Iz6XjuM-eMTlXghdfw
DreamXD,4.5,Daily vlogs,https://www.youtube.com/channel/UChU3JRloULzdFX3aCu7BiSA
Twin Toys,4.5,Movies,https://www.youtube.com/channel/UCUtZTNrZ8CUt_db3q5sEhjA
Emergency Awesome,4.5,Movies,https://www.youtube.com/channel/UCDiFRMQWpcp8_KD4vwIVicw
Living Big In A Tiny House,4.5,Design/art,https://www.youtube.com/channel/UCoNTMWgGuXtGPLv9UeJZwBw
Hollow,4.5,Animation,https://www.youtube.com/channel/UCmp5y07YIV6i2jPX4x82hVQ
Khoa Pug,4.5,Humor,https://www.youtube.com/channel/UCAGikSCgqbeIXCvoXixWovQ
SFG ENT,4.4,Movies,https://www.youtube.com/channel/UC-ikVvfoDcZuqOjTqFDpVqw
kesha,4.4,Mystery,https://www.youtube.com/channel/UCh1bAdm-p_kpf_-a2vpCyHw
Bugha,4.4,Animation,https://www.youtube.com/channel/UCgIoEgOk3wzhhORNC9AbzhQ
TechZone,4.4,Design/art,https://www.youtube.com/channel/UC6H07z6zAwbHRl4Lbl0GSsw
Lisa Nguyen,4.4,Food & Drinks,https://www.youtube.com/channel/UCJQVsC3XcvuRMRr-jD_kTPw
Walt Disney Studios,4.4,null,https://www.youtube.com/channel/UCuaFvcY4MhZY3U43mMt1dYQ
Kurtis Conner,4.4,Movies,https://www.youtube.com/channel/UC7zsxKqd5MicTf4VhS9Y74g
Physics,4.4,Video games,https://www.youtube.com/channel/UCrU5SiHOddIJGrPAR18FM2g
Ireland Boys Productions,4.4,Video games,https://www.youtube.com/channel/UCxgDfpB3rBRPozm3zzaRXTQ
Home Of Games,4.4,Video games,https://www.youtube.com/channel/UCD-WWj0WqSGQOynNigc5VHw
SethEverman,4.4,Music & Dance,https://www.youtube.com/channel/UCoNRSwYHJdy-yV1b82ZdHfQ
Bader Al Safar,4.4,Daily vlogs,https://www.youtube.com/channel/UC42AMmteep9j7RAR2FuV4bw
TMZ,4.4,null,https://www.youtube.com/channel/UCK7IIV6Q2junGSdYK3BmZMg
BabiezTV,4.4,Animation,https://www.youtube.com/channel/UCzVw9odnihM5PgKSv5UnDPA
twaimz,4.4,Animation,https://www.youtube.com/channel/UCzzbaQY1nPim5yroAjtXRTw
The Action Lab,4.4,Science & Technology,https://www.youtube.com/channel/UC1VLQPn9cYSqx8plbk9RxxQ
RedLancer,4.4,null,https://www.youtube.com/channel/UCk2V--5EfnsXZNFBGEv-rGw
RonaldOMG,4.4,Video games,https://www.youtube.com/channel/UCfjLwqL4XSPUDT7hVnViCmw
oompaville,4.4,Animation,https://www.youtube.com/channel/UC6Mjg5R5QOJYjrio1JmP8Fg
CashNasty,4.4,Video games,https://www.youtube.com/channel/UCvyTdLw8SkVmUcHYXSDEGwA
Antonio Palmucci,4.4,null,https://www.youtube.com/channel/UCUMKhiOBYNgBLUHcXcjj0WA
Jonna Jinton,4.4,ASMR,https://www.youtube.com/channel/UCAk3t7WHs2zjsZpopox8Taw
Just Ameerah,4.4,DIY & Life Hacks,https://www.youtube.com/channel/UCrVpMA8a0KP9io6ejOwhWbA
MrTop5,4.4,Animation,https://www.youtube.com/channel/UC_jQ64mgxDbvATLv94lMwaw
Taj Tracks,4.4,Music & Dance,https://www.youtube.com/channel/UCdvBex6r_1-i8Sut-mCy2Jw
BeamngShorts,4.4,null,https://www.youtube.com/channel/UCssQ5919QxzLN_zPKo-oDWw
Rich Black Guy,4.4,Movies,https://www.youtube.com/channel/UCaZ2jG4qd1vY-Tkwiq9FBlw
하루한끼 one meal a day,4.4,Food & Drinks,https://www.youtube.com/channel/UCPWFxcwPliEBMwJjmeFIDIg
Nutshell Animations,4.4,null,https://www.youtube.com/channel/UChFs0d8syPIK6x8q4C6BrJw
Exploring With Josh,4.4,Video games,https://www.youtube.com/channel/UCNYsIqBwQyhnNDVf7SXJV9w
Food Wishes,4.4,Food & Drinks,https://www.youtube.com/channel/UCRIZtPl9nb9RiXc9btSTQNw
Weird Stuff,4.4,null,https://www.youtube.com/channel/UChRQWAIExUpHqJWMfD7KKRQ
NotYourAverageFlight,4.3,Sports,https://www.youtube.com/channel/UCoGIPQ7M4NWai7LRgRhaSOg
MysticGotJokes,4.3,Movies,https://www.youtube.com/channel/UCXgfQbfVvYA9G9-Jb9cBSYg
the bootleg boy,4.3,Music & Dance,https://www.youtube.com/channel/UC0fiLCwTmAukotCXYnqfj0A
KhangProFilm,4.3,Music & Dance,https://www.youtube.com/channel/UC89u8T2JjgjAo1G37dXLLWw
GhostNinja,4.3,Video games,https://www.youtube.com/channel/UCbkMvtBNkpIbHqQdKHJSb5A
Alux.com,4.3,Education,https://www.youtube.com/channel/UCNjPtOCvMrKY5eLwr_-7eUg
SomeThingElseYT,4.3,null,https://www.youtube.com/channel/UCvUmwreRrbxeR1mbmojj8fg
BD Media Music,4.3,Music & Dance,https://www.youtube.com/channel/UC0mdaYTW7jul-6Tk3iCg1Mw
DrDisRespect,4.3,Video games,https://www.youtube.com/channel/UCcJL2ld6kxy_nuV1u7PVQ0g
PatrickStarrr,4.3,Beauty,https://www.youtube.com/channel/UCDHQbU57NZilrhbuZNbQcRA
Viral Feed,4.3,null,https://www.youtube.com/channel/UCmSPDMxfLphFJlZirsHbP0A
Simple History,4.3,Education,https://www.youtube.com/channel/UC510QYlOlKNyhy_zdQxnGYw
gattu,4.3,Video games,https://www.youtube.com/channel/UCPIzPN_V3Wk2KN5wIK3Kwsg
Graham Stephan,4.3,News & Politics,https://www.youtube.com/channel/UCV6KDgJskWaEckne5aPA0aQ
Free Documentary,4.3,Travel,https://www.youtube.com/channel/UCijcd0GR0fkxCAZwkiuWqtQ
Gawr Gura Ch. hololive-EN,4.3,Video games,https://www.youtube.com/channel/UCoSrY_IQQVpmIRZ9Xf-y93g
KinoCheck.com,4.3,Movies,https://www.youtube.com/channel/UCLRlryMfL8ffxzrtqv0_k_w
Crash Adams,4.3,null,https://www.youtube.com/channel/UCAxCk_CU0lnz6vJyslY9-Tw
Majestic Casual,4.3,Music & Dance,https://www.youtube.com/channel/UCXIyz409s7bNWVcM-vjfdVA
CBR,4.3,Movies,https://www.youtube.com/channel/UCuCk_7b2_4uSr6y5hFmjuMQ
How To Cake It,4.3,Food & Drinks,https://www.youtube.com/channel/UCvM1hVcRJmVWDtATYarC0KA
The Fizzy Show,4.3,Toys,https://www.youtube.com/channel/UCV6P5rRVmiTL637byUZBTrQ
The New York Times,4.3,News & Politics,https://www.youtube.com/channel/UCqnbDFdCpuN8CMEg0VuEBqA
Sturniolo Triplets,4.3,null,https://www.youtube.com/channel/UCfA5CSlYGseqSeOhsiiZTfw
OmarGoshTV,4.3,Mystery,https://www.youtube.com/channel/UCq52Fv9Jn7js4neFjaju3Fg
Mobile MOBA Việt,4.3,Animation,https://www.youtube.com/channel/UCpd1Gf-SZjc_5ce5vVq5FTg
MLB,4.3,Sports,https://www.youtube.com/channel/UCoLrcjPV5PbUrUyXq5mjc_A
Wu Tang Collection,4.3,Movies,https://www.youtube.com/channel/UCUpbgPbDccjoB9PxI-nI7oA
De mi Rancho a Tu Cocina,4.3,Food & Drinks,https://www.youtube.com/channel/UCJjyyWFwUIOfKhb35WgCqVg
Numberphile,4.3,Animation,https://www.youtube.com/channel/UCoxcjq-8xIDTYp3uz647V5A
Gojzer,4.3,null,https://www.youtube.com/channel/UCL3Cq-M4RE8M_7IbVjt5fcg
Cas van de Pol,4.3,null,https://www.youtube.com/channel/UCr1fdFXztwacnJ206hMgG7w
OffTheRanch,4.3,Autos & Vehicles,https://www.youtube.com/channel/UCV5mGxp-rtsGDAedDYnp7hA
Random Encounters,4.3,null,https://www.youtube.com/channel/UCroJ5uxmGr-WOtXUPyqeh6g
I did a thing,4.3,null,https://www.youtube.com/channel/UCJLZe_NoiG0hT7QCX_9vmqw
Joe Albanese,4.3,null,https://www.youtube.com/channel/UCVb7uI1uABY4teAN8i1Ir4g
DC,4.3,Movies,https://www.youtube.com/channel/UCiifkYAs_bq1pt_zbNAzYGg